[{"type":"Image Gauge","Cur. Value":"$gameVariables.value(79)","Max Value":"4000","Condition":"$gameSwitches.value(116)","Layer":"0","Scale X":"1","Scale Y":"1","Style":"left","Main Image":"GaugeV2","Back Image":"GaugeHorzBackTrans","animateInfo":{"x":{"spd":0,"loop":false,"min":0,"max":0},"y":{"spd":0,"loop":false,"min":0,"max":0},"s":{"spd":0,"loop":false,"min":1,"max":1},"r":{"spd":0,"loop":false,"min":0,"max":0}},"id":6,"x":1100,"y":35},{"type":"Text","Value":"Arousal","Condition":"$gameSwitches.value(116)","Layer":"0","Font":"GameFont","Max Width":"150","Align":"left","Font Size":"20","Text Color":"#ffffff","Text Alpha":"255","Outline Color":"#000000","Outline Alpha":"127","animateInfo":{"x":{"spd":0,"loop":false,"min":0,"max":0},"y":{"spd":0,"loop":false,"min":0,"max":0},"s":{"spd":0,"loop":false,"min":1,"max":1},"r":{"spd":0,"loop":false,"min":0,"max":0}},"id":13,"x":1022,"y":37},{"type":"Text","Value":"${$gameVariables.value(99)}","Condition":"$gameSwitches.value(117)","Layer":"1","Font":"GameFont","Max Width":"150","Align":"left","Font Size":"20","Text Color":"#00ff80","Text Alpha":"255","Outline Color":"#000000","Outline Alpha":"127","animateInfo":{"x":{"spd":0,"loop":false,"min":0,"max":0},"y":{"spd":0,"loop":false,"min":0,"max":0},"s":{"spd":0,"loop":false,"min":1,"max":1},"r":{"spd":0,"loop":false,"min":0,"max":0}},"id":12,"x":1113,"y":37},{"type":"Text","Value":"${$gameVariables.value(99)}","Condition":"$gameSwitches.value(118)","Layer":"1","Font":"GameFont","Max Width":"150","Align":"left","Font Size":"20","Text Color":"#ff0000","Text Alpha":"255","Outline Color":"#000000","Outline Alpha":"127","animateInfo":{"x":{"spd":0,"loop":false,"min":0,"max":0},"y":{"spd":0,"loop":false,"min":0,"max":0},"s":{"spd":0,"loop":false,"min":1,"max":1},"r":{"spd":0,"loop":false,"min":0,"max":0}},"id":12,"x":1113,"y":37}]