[
null,
{"id":1,"actions":[{"conditionParam1":72,"conditionParam2":0,"conditionType":6,"rating":9,"skillId":16},{"conditionParam1":12,"conditionParam2":0,"conditionType":4,"rating":7,"skillId":17},{"conditionParam1":0,"conditionParam2":0,"conditionType":0,"rating":4,"skillId":14},{"conditionParam1":0,"conditionParam2":0,"conditionType":0,"rating":4,"skillId":12}],"battlerHue":0,"battlerName":"Maria Foot Left","dropItems":[{"dataId":1,"denominator":1,"kind":0},{"dataId":1,"denominator":1,"kind":0},{"dataId":1,"denominator":1,"kind":0}],"exp":0,"traits":[{"code":22,"dataId":0,"value":0.95},{"code":22,"dataId":1,"value":0},{"code":31,"dataId":1,"value":0}],"gold":0,"name":"Maria's Left Foot","note":"","params":[1000,101,13,35,13,35,10,10]},
{"id":2,"actions":[{"conditionParam1":73,"conditionParam2":0,"conditionType":6,"rating":9,"skillId":14},{"conditionParam1":73,"conditionParam2":0,"conditionType":6,"rating":8,"skillId":13},{"conditionParam1":0,"conditionParam2":0,"conditionType":0,"rating":5,"skillId":18},{"conditionParam1":0,"conditionParam2":0,"conditionType":0,"rating":5,"skillId":14},{"conditionParam1":0,"conditionParam2":0,"conditionType":0,"rating":5,"skillId":12},{"conditionParam1":0,"conditionParam2":0,"conditionType":0,"rating":5,"skillId":13}],"battlerHue":0,"battlerName":"Maria Foot Right","dropItems":[{"dataId":1,"denominator":1,"kind":0},{"dataId":1,"denominator":1,"kind":0},{"dataId":1,"denominator":1,"kind":0}],"exp":0,"traits":[{"code":22,"dataId":0,"value":0.95},{"code":22,"dataId":1,"value":0},{"code":31,"dataId":1,"value":0}],"gold":0,"name":"Maria's Right Foot","note":"","params":[1000,0,13,35,13,35,10,10]},
{"id":3,"actions":[{"conditionParam1":0,"conditionParam2":0,"conditionType":0,"rating":5,"skillId":36},{"conditionParam1":0,"conditionParam2":0,"conditionType":0,"rating":5,"skillId":12},{"conditionParam1":0,"conditionParam2":0,"conditionType":0,"rating":4,"skillId":38}],"battlerHue":0,"battlerName":"Student Foot Left","dropItems":[{"dataId":1,"denominator":1,"kind":0},{"dataId":1,"denominator":1,"kind":0},{"dataId":1,"denominator":1,"kind":0}],"exp":0,"traits":[{"code":22,"dataId":0,"value":0.95},{"code":22,"dataId":1,"value":0},{"code":31,"dataId":1,"value":0}],"gold":0,"name":"Student's Left Foot","note":"","params":[100000,102,13,900,13,900,42,10]},
{"id":4,"actions":[{"conditionParam1":30,"conditionParam2":0,"conditionType":6,"rating":9,"skillId":37},{"conditionParam1":0,"conditionParam2":0,"conditionType":0,"rating":5,"skillId":14},{"conditionParam1":0,"conditionParam2":0,"conditionType":0,"rating":5,"skillId":12}],"battlerHue":0,"battlerName":"Student Foot Right","dropItems":[{"dataId":1,"denominator":1,"kind":0},{"dataId":1,"denominator":1,"kind":0},{"dataId":1,"denominator":1,"kind":0}],"exp":0,"traits":[{"code":22,"dataId":0,"value":0.95},{"code":22,"dataId":1,"value":0},{"code":31,"dataId":1,"value":0}],"gold":0,"name":"Student's Right Foot","note":"","params":[100000,0,13,900,13,900,42,10]},
{"id":5,"actions":[{"conditionParam1":0,"conditionParam2":0,"conditionType":0,"rating":5,"skillId":52},{"conditionParam1":0,"conditionParam2":0,"conditionType":0,"rating":5,"skillId":54},{"conditionParam1":0,"conditionParam2":0,"conditionType":0,"rating":5,"skillId":53},{"conditionParam1":0,"conditionParam2":0,"conditionType":0,"rating":5,"skillId":51},{"conditionParam1":46,"conditionParam2":0,"conditionType":6,"rating":3,"skillId":55},{"conditionParam1":45,"conditionParam2":0,"conditionType":6,"rating":3,"skillId":55}],"battlerHue":0,"battlerName":"Transparent","dropItems":[{"dataId":1,"denominator":1,"kind":0},{"dataId":1,"denominator":1,"kind":0},{"dataId":1,"denominator":1,"kind":0}],"exp":0,"traits":[{"code":22,"dataId":0,"value":0.95},{"code":22,"dataId":1,"value":0},{"code":31,"dataId":1,"value":0}],"gold":0,"name":"Kotomi's Tongue","note":"<ShiftX: 230>\n<ShiftY: 268>\n<No Breathing>","params":[800,103,13,27,13,27,10,10]},
{"id":6,"actions":[{"conditionParam1":48,"conditionParam2":0,"conditionType":6,"rating":9,"skillId":70},{"conditionParam1":45,"conditionParam2":0,"conditionType":6,"rating":9,"skillId":63},{"conditionParam1":46,"conditionParam2":0,"conditionType":6,"rating":9,"skillId":62},{"conditionParam1":34,"conditionParam2":0,"conditionType":6,"rating":9,"skillId":66},{"conditionParam1":33,"conditionParam2":0,"conditionType":6,"rating":6,"skillId":67},{"conditionParam1":33,"conditionParam2":0,"conditionType":6,"rating":6,"skillId":69},{"conditionParam1":33,"conditionParam2":0,"conditionType":6,"rating":5,"skillId":68},{"conditionParam1":0,"conditionParam2":0,"conditionType":0,"rating":2,"skillId":61},{"conditionParam1":35,"conditionParam2":0,"conditionType":6,"rating":2,"skillId":64},{"conditionParam1":0,"conditionParam2":0,"conditionType":0,"rating":2,"skillId":63},{"conditionParam1":0,"conditionParam2":0,"conditionType":0,"rating":2,"skillId":62},{"conditionParam1":69,"conditionParam2":0,"conditionType":6,"rating":1,"skillId":61},{"conditionParam1":69,"conditionParam2":0,"conditionType":6,"rating":1,"skillId":62},{"conditionParam1":53,"conditionParam2":0,"conditionType":6,"rating":1,"skillId":65}],"battlerHue":0,"battlerName":"Transparent","dropItems":[{"dataId":1,"denominator":1,"kind":0},{"dataId":1,"denominator":1,"kind":0},{"dataId":1,"denominator":1,"kind":0}],"exp":0,"traits":[{"code":22,"dataId":0,"value":0.95},{"code":22,"dataId":1,"value":0},{"code":31,"dataId":1,"value":0}],"gold":0,"name":"Maria's Vagina","note":"<No Breathing>","params":[10000,103,16,5,16,5,10,10]},
{"id":7,"actions":[],"battlerHue":0,"battlerName":"Transparent","dropItems":[{"dataId":1,"denominator":1,"kind":0},{"dataId":1,"denominator":1,"kind":0},{"dataId":1,"denominator":1,"kind":0}],"exp":0,"traits":[{"code":22,"dataId":0,"value":0.95},{"code":22,"dataId":1,"value":0},{"code":31,"dataId":1,"value":0}],"gold":0,"name":"Maria's Anus","note":"<ShiftY: 50>\n<No Breathing>","params":[10000,103,16,6,16,6,10,10]},
{"id":8,"actions":[],"battlerHue":0,"battlerName":"Transparent","dropItems":[{"dataId":1,"denominator":1,"kind":0},{"dataId":1,"denominator":1,"kind":0},{"dataId":1,"denominator":1,"kind":0}],"exp":0,"traits":[{"code":22,"dataId":0,"value":0.95},{"code":22,"dataId":1,"value":0},{"code":31,"dataId":1,"value":0}],"gold":0,"name":"Maria's Clitoris","note":"<No Breathing>","params":[10000,103,16,4,16,4,10,10]},
{"id":9,"actions":[{"conditionParam1":31,"conditionParam2":0,"conditionType":6,"rating":6,"skillId":79},{"conditionParam1":0,"conditionParam2":0,"conditionType":0,"rating":5,"skillId":76},{"conditionParam1":0,"conditionParam2":0,"conditionType":0,"rating":5,"skillId":77},{"conditionParam1":0,"conditionParam2":0,"conditionType":0,"rating":5,"skillId":78},{"conditionParam1":0,"conditionParam2":0,"conditionType":0,"rating":5,"skillId":80},{"conditionParam1":0,"conditionParam2":0,"conditionType":0,"rating":4,"skillId":79}],"battlerHue":0,"battlerName":"NP0","dropItems":[{"dataId":1,"denominator":1,"kind":0},{"dataId":1,"denominator":1,"kind":0},{"dataId":1,"denominator":1,"kind":0}],"exp":0,"traits":[{"code":22,"dataId":0,"value":0.95},{"code":22,"dataId":1,"value":0},{"code":31,"dataId":1,"value":0}],"gold":0,"name":"Natsuki's Pinky","note":"<ShiftY: 112>","params":[3000,0,13,5,13,5,10,10]},
{"id":10,"actions":[{"conditionParam1":0,"conditionParam2":0,"conditionType":0,"rating":5,"skillId":86},{"conditionParam1":0,"conditionParam2":0,"conditionType":0,"rating":5,"skillId":87},{"conditionParam1":0,"conditionParam2":0,"conditionType":0,"rating":5,"skillId":88}],"battlerHue":0,"battlerName":"Transparent","dropItems":[{"dataId":1,"denominator":1,"kind":0},{"dataId":1,"denominator":1,"kind":0},{"dataId":1,"denominator":1,"kind":0}],"exp":0,"traits":[{"code":22,"dataId":0,"value":0.95},{"code":22,"dataId":1,"value":0},{"code":31,"dataId":1,"value":0}],"gold":0,"name":"Hitomi's Stomach","note":"<No Breathing>","params":[1450,0,15,27,14,27,10,10]},
{"id":11,"actions":[{"conditionParam1":31,"conditionParam2":0,"conditionType":6,"rating":9,"skillId":43},{"conditionParam1":30,"conditionParam2":0,"conditionType":6,"rating":5,"skillId":42},{"conditionParam1":32,"conditionParam2":0,"conditionType":6,"rating":2,"skillId":40},{"conditionParam1":0,"conditionParam2":0,"conditionType":0,"rating":1,"skillId":12},{"conditionParam1":0,"conditionParam2":0,"conditionType":0,"rating":1,"skillId":41}],"battlerHue":0,"battlerName":"Hitomi Foot 1","dropItems":[{"dataId":1,"denominator":1,"kind":0},{"dataId":1,"denominator":1,"kind":0},{"dataId":1,"denominator":1,"kind":0}],"exp":0,"traits":[{"code":22,"dataId":0,"value":0.95},{"code":22,"dataId":1,"value":0},{"code":31,"dataId":1,"value":0}],"gold":0,"name":"Hitomi's Toes","note":"<ShiftX: 50>\n<ShiftY: 100>","params":[7000,0,13,4,13,4,10,10]},
{"id":12,"actions":[{"conditionParam1":32,"conditionParam2":0,"conditionType":6,"rating":9,"skillId":100},{"conditionParam1":0,"conditionParam2":0,"conditionType":0,"rating":5,"skillId":96},{"conditionParam1":0,"conditionParam2":0,"conditionType":0,"rating":5,"skillId":97},{"conditionParam1":0,"conditionParam2":0,"conditionType":0,"rating":5,"skillId":98},{"conditionParam1":0,"conditionParam2":0,"conditionType":0,"rating":5,"skillId":99},{"conditionParam1":0,"conditionParam2":0,"conditionType":0,"rating":5,"skillId":101}],"battlerHue":0,"battlerName":"Transparent","dropItems":[{"dataId":1,"denominator":1,"kind":0},{"dataId":1,"denominator":1,"kind":0},{"dataId":1,"denominator":1,"kind":0}],"exp":0,"traits":[{"code":22,"dataId":0,"value":0.95},{"code":22,"dataId":1,"value":0},{"code":31,"dataId":1,"value":0}],"gold":0,"name":"Sasami's Tongue","note":"","params":[10000,0,14,5,14,5,10,10]},
{"id":13,"actions":[],"battlerHue":0,"battlerName":"Sasami Uvula","dropItems":[{"dataId":1,"denominator":1,"kind":0},{"dataId":1,"denominator":1,"kind":0},{"dataId":1,"denominator":1,"kind":0}],"exp":0,"traits":[{"code":22,"dataId":0,"value":0.95},{"code":22,"dataId":1,"value":0},{"code":31,"dataId":1,"value":0},{"code":11,"dataId":1,"value":3}],"gold":0,"name":"Sasami's Uvula","note":"<No Breathing>","params":[10000,0,13,1,13,1,10,10]},
{"id":14,"actions":[{"conditionParam1":0,"conditionParam2":0,"conditionType":0,"rating":5,"skillId":1}],"battlerHue":0,"battlerName":"","dropItems":[{"dataId":1,"denominator":1,"kind":0},{"dataId":1,"denominator":1,"kind":0},{"dataId":1,"denominator":1,"kind":0}],"exp":0,"traits":[{"code":22,"dataId":0,"value":0.95},{"code":22,"dataId":1,"value":0.05},{"code":31,"dataId":1,"value":0}],"gold":0,"name":"","note":"","params":[100,0,10,10,10,10,10,10]},
{"id":15,"actions":[{"conditionParam1":0,"conditionParam2":0,"conditionType":0,"rating":5,"skillId":1}],"battlerHue":0,"battlerName":"","dropItems":[{"dataId":1,"denominator":1,"kind":0},{"dataId":1,"denominator":1,"kind":0},{"dataId":1,"denominator":1,"kind":0}],"exp":0,"traits":[{"code":22,"dataId":0,"value":0.95},{"code":22,"dataId":1,"value":0.05},{"code":31,"dataId":1,"value":0}],"gold":0,"name":"","note":"","params":[100,0,10,10,10,10,10,10]},
{"id":16,"actions":[{"conditionParam1":0,"conditionParam2":0,"conditionType":0,"rating":5,"skillId":1}],"battlerHue":0,"battlerName":"","dropItems":[{"dataId":1,"denominator":1,"kind":0},{"dataId":1,"denominator":1,"kind":0},{"dataId":1,"denominator":1,"kind":0}],"exp":0,"traits":[{"code":22,"dataId":0,"value":0.95},{"code":22,"dataId":1,"value":0.05},{"code":31,"dataId":1,"value":0}],"gold":0,"name":"","note":"","params":[100,0,10,10,10,10,10,10]},
{"id":17,"actions":[{"conditionParam1":0,"conditionParam2":0,"conditionType":0,"rating":5,"skillId":1}],"battlerHue":0,"battlerName":"","dropItems":[{"dataId":1,"denominator":1,"kind":0},{"dataId":1,"denominator":1,"kind":0},{"dataId":1,"denominator":1,"kind":0}],"exp":0,"traits":[{"code":22,"dataId":0,"value":0.95},{"code":22,"dataId":1,"value":0.05},{"code":31,"dataId":1,"value":0}],"gold":0,"name":"","note":"","params":[100,0,10,10,10,10,10,10]},
{"id":18,"actions":[{"conditionParam1":0,"conditionParam2":0,"conditionType":0,"rating":5,"skillId":1}],"battlerHue":0,"battlerName":"","dropItems":[{"dataId":1,"denominator":1,"kind":0},{"dataId":1,"denominator":1,"kind":0},{"dataId":1,"denominator":1,"kind":0}],"exp":0,"traits":[{"code":22,"dataId":0,"value":0.95},{"code":22,"dataId":1,"value":0.05},{"code":31,"dataId":1,"value":0}],"gold":0,"name":"","note":"","params":[100,0,10,10,10,10,10,10]},
{"id":19,"actions":[{"conditionParam1":0,"conditionParam2":0,"conditionType":0,"rating":5,"skillId":1}],"battlerHue":0,"battlerName":"","dropItems":[{"dataId":1,"denominator":1,"kind":0},{"dataId":1,"denominator":1,"kind":0},{"dataId":1,"denominator":1,"kind":0}],"exp":0,"traits":[{"code":22,"dataId":0,"value":0.95},{"code":22,"dataId":1,"value":0.05},{"code":31,"dataId":1,"value":0}],"gold":0,"name":"","note":"","params":[100,0,10,10,10,10,10,10]},
{"id":20,"actions":[{"conditionParam1":0,"conditionParam2":0,"conditionType":0,"rating":5,"skillId":1}],"battlerHue":0,"battlerName":"","dropItems":[{"dataId":1,"denominator":1,"kind":0},{"dataId":1,"denominator":1,"kind":0},{"dataId":1,"denominator":1,"kind":0}],"exp":0,"traits":[{"code":22,"dataId":0,"value":0.95},{"code":22,"dataId":1,"value":0.05},{"code":31,"dataId":1,"value":0}],"gold":0,"name":"","note":"","params":[100,0,10,10,10,10,10,10]}
]