[
null,
{"id":1,"animationId":41,"consumable":true,"damage":{"critical":false,"elementId":0,"formula":"0","type":0,"variance":20},"description":"","effects":[{"code":11,"dataId":0,"value1":0,"value2":500}],"hitType":0,"iconIndex":176,"itypeId":1,"name":"Potion","note":"","occasion":0,"price":50,"repeats":1,"scope":7,"speed":0,"successRate":100,"tpGain":0},
{"id":2,"animationId":41,"consumable":true,"damage":{"critical":false,"elementId":0,"formula":"0","type":0,"variance":20},"description":"","effects":[{"code":12,"dataId":0,"value1":0,"value2":200}],"hitType":0,"iconIndex":176,"itypeId":1,"name":"Magic Water","note":"","occasion":0,"price":100,"repeats":1,"scope":7,"speed":0,"successRate":100,"tpGain":0},
{"id":3,"animationId":45,"consumable":true,"damage":{"critical":false,"elementId":0,"formula":"0","type":0,"variance":20},"description":"","effects":[{"code":22,"dataId":4,"value1":1,"value2":0},{"code":22,"dataId":5,"value1":1,"value2":0},{"code":22,"dataId":6,"value1":1,"value2":0},{"code":22,"dataId":7,"value1":1,"value2":0},{"code":22,"dataId":8,"value1":1,"value2":0},{"code":22,"dataId":9,"value1":1,"value2":0},{"code":22,"dataId":10,"value1":1,"value2":0}],"hitType":0,"iconIndex":176,"itypeId":1,"name":"Dispel Herb","note":"","occasion":0,"price":200,"repeats":1,"scope":7,"speed":0,"successRate":100,"tpGain":0},
{"id":4,"animationId":49,"consumable":true,"damage":{"critical":false,"elementId":0,"formula":"b.mhp / 2","type":3,"variance":20},"description":"","effects":[{"code":22,"dataId":1,"value1":1,"value2":0}],"hitType":0,"iconIndex":176,"itypeId":1,"name":"Stimulant","note":"","occasion":0,"price":300,"repeats":1,"scope":9,"speed":0,"successRate":100,"tpGain":0},
{"id":5,"animationId":0,"consumable":false,"damage":{"critical":false,"elementId":0,"formula":"0","type":0,"variance":20},"description":"Melon bun leftover from lunch. Might be of value to someone.","effects":[],"hitType":0,"iconIndex":266,"itypeId":2,"name":"Melon Bun","note":"","occasion":3,"price":100,"repeats":1,"scope":0,"speed":0,"successRate":100,"tpGain":0},
{"id":6,"animationId":0,"consumable":false,"damage":{"critical":false,"elementId":0,"formula":"0","type":0,"variance":20},"description":"Portable device that can shrink down inaminate objects for transport.","effects":[],"hitType":0,"iconIndex":243,"itypeId":2,"name":"Portasizer","note":"","occasion":3,"price":0,"repeats":1,"scope":0,"speed":0,"successRate":100,"tpGain":0},
{"id":7,"animationId":0,"consumable":false,"damage":{"critical":false,"elementId":0,"formula":"0","type":0,"variance":20},"description":"A ball of dust, dirt or something else.\nDecreases affection.","effects":[],"hitType":0,"iconIndex":291,"itypeId":1,"name":"Ball of Filth","note":"","occasion":3,"price":0,"repeats":1,"scope":0,"speed":0,"successRate":100,"tpGain":0},
{"id":8,"animationId":0,"consumable":false,"damage":{"critical":false,"elementId":0,"formula":"0","type":0,"variance":20},"description":"A well-chewed and dried-out piece of old gum.\nDecreases affection.","effects":[],"hitType":0,"iconIndex":289,"itypeId":1,"name":"Chewed Gum","note":"","occasion":3,"price":0,"repeats":1,"scope":0,"speed":0,"successRate":100,"tpGain":0},
{"id":9,"animationId":0,"consumable":false,"damage":{"critical":false,"elementId":0,"formula":"0","type":0,"variance":20},"description":"A worn down ¥100 coin.\nIncreases affection.","effects":[],"hitType":0,"iconIndex":314,"itypeId":1,"name":"¥100 Coin","note":"","occasion":3,"price":0,"repeats":1,"scope":0,"speed":0,"successRate":100,"tpGain":0},
{"id":10,"animationId":0,"consumable":false,"damage":{"critical":false,"elementId":0,"formula":"0","type":0,"variance":20},"description":"A piece of salty food, being kept fresh by the portasizer. \nIncreases vore affinity.","effects":[],"hitType":0,"iconIndex":258,"itypeId":1,"name":"Savory Food","note":"","occasion":3,"price":0,"repeats":1,"scope":0,"speed":0,"successRate":100,"tpGain":0},
{"id":11,"animationId":0,"consumable":false,"damage":{"critical":false,"elementId":0,"formula":"0","type":0,"variance":20},"description":"A small sphere of delicious hard candy.\nIncreases vore affinity.","effects":[],"hitType":0,"iconIndex":162,"itypeId":1,"name":"Hard Candy","note":"","occasion":3,"price":0,"repeats":1,"scope":0,"speed":0,"successRate":100,"tpGain":0},
{"id":12,"animationId":0,"consumable":false,"damage":{"critical":false,"elementId":0,"formula":"0","type":0,"variance":20},"description":"A small, unopened container of nail polish.\nIncreases feet affinity.","effects":[],"hitType":0,"iconIndex":228,"itypeId":1,"name":"Nail Polish","note":"","occasion":3,"price":0,"repeats":1,"scope":0,"speed":0,"successRate":100,"tpGain":0},
{"id":13,"animationId":0,"consumable":false,"damage":{"critical":false,"elementId":0,"formula":"0","type":0,"variance":20},"description":"A whole, unsmoked cigarette.\nMay increase affection.","effects":[],"hitType":0,"iconIndex":213,"itypeId":1,"name":"Cigarette","note":"","occasion":3,"price":0,"repeats":1,"scope":0,"speed":0,"successRate":100,"tpGain":0},
{"id":14,"animationId":0,"consumable":false,"damage":{"critical":false,"elementId":0,"formula":"0","type":0,"variance":20},"description":"Gem-studded jewelry.\nGreatly increases affection.","effects":[],"hitType":0,"iconIndex":145,"itypeId":1,"name":"Jewelry","note":"","occasion":3,"price":0,"repeats":1,"scope":0,"speed":0,"successRate":100,"tpGain":0},
{"id":15,"animationId":0,"consumable":false,"damage":{"critical":false,"elementId":0,"formula":"0","type":0,"variance":20},"description":"A small tube of water-based lube. Strawberry flavored. \nIncreases pussy affinity.","effects":[],"hitType":0,"iconIndex":176,"itypeId":1,"name":"Lube","note":"","occasion":3,"price":0,"repeats":1,"scope":0,"speed":0,"successRate":100,"tpGain":0},
{"id":16,"animationId":0,"consumable":false,"damage":{"critical":false,"elementId":0,"formula":"0","type":0,"variance":20},"description":"\"Clinically Proven for Bigger, Fuller Breasts\"\nIncreases breast affinity.","effects":[],"hitType":0,"iconIndex":211,"itypeId":1,"name":"Breast Enhancement Cream","note":"","occasion":3,"price":0,"repeats":1,"scope":0,"speed":0,"successRate":100,"tpGain":0},
{"id":17,"animationId":0,"consumable":false,"damage":{"critical":false,"elementId":0,"formula":"0","type":0,"variance":20},"description":"An unidentified suppository pill!\nIncreases anal affinity.","effects":[],"hitType":0,"iconIndex":299,"itypeId":1,"name":"Suppository","note":"","occasion":3,"price":0,"repeats":1,"scope":0,"speed":0,"successRate":100,"tpGain":0},
{"id":18,"animationId":0,"consumable":false,"damage":{"critical":false,"elementId":0,"formula":"0","type":0,"variance":20},"description":"Shrunken gloves with a sticky adhesive on the palms.\nAllows you to climb smooth surfaces like stairs.","effects":[],"hitType":0,"iconIndex":142,"itypeId":2,"name":"Climbing Gloves","note":"","occasion":3,"price":0,"repeats":1,"scope":0,"speed":0,"successRate":100,"tpGain":0},
{"id":19,"animationId":0,"consumable":false,"damage":{"critical":false,"elementId":0,"formula":"0","type":0,"variance":20},"description":"A tiny capsule of indetermined sedative or poison.","effects":[],"hitType":0,"iconIndex":177,"itypeId":2,"name":"Mystery Pill","note":"","occasion":3,"price":0,"repeats":1,"scope":0,"speed":0,"successRate":100,"tpGain":0},
{"id":20,"animationId":0,"consumable":false,"damage":{"critical":false,"elementId":0,"formula":"0","type":0,"variance":20},"description":"A piece of slimy, rotten food. Can't even tell what it is.\nGreatly decreases vore affinity.","effects":[],"hitType":0,"iconIndex":278,"itypeId":1,"name":"Rotten Food","note":"","occasion":3,"price":0,"repeats":1,"scope":0,"speed":0,"successRate":100,"tpGain":0},
{"id":21,"animationId":0,"consumable":false,"damage":{"critical":false,"elementId":0,"formula":"0","type":0,"variance":20},"description":"Nothing tells a person their feet are unpleasant better than this.\nGreatly decreases feet affinity.","effects":[],"hitType":0,"iconIndex":179,"itypeId":1,"name":"Foot Deodorant","note":"","occasion":3,"price":0,"repeats":1,"scope":0,"speed":0,"successRate":100,"tpGain":0},
{"id":22,"animationId":0,"consumable":false,"damage":{"critical":false,"elementId":0,"formula":"0","type":0,"variance":20},"description":"\"Clinically Proven for Smaller, Deflated Breasts\"\nGreatly decreases breast affinity.","effects":[],"hitType":0,"iconIndex":186,"itypeId":1,"name":"Breast Reduction Pills","note":"","occasion":3,"price":0,"repeats":1,"scope":0,"speed":0,"successRate":100,"tpGain":0},
{"id":23,"animationId":0,"consumable":false,"damage":{"critical":false,"elementId":0,"formula":"0","type":0,"variance":20},"description":"A bottle of quick-acting laxative.\nGreatly decreases anal affinity.","effects":[],"hitType":0,"iconIndex":178,"itypeId":1,"name":"Laxative","note":"","occasion":3,"price":0,"repeats":1,"scope":0,"speed":0,"successRate":100,"tpGain":0},
{"id":24,"animationId":0,"consumable":false,"damage":{"critical":false,"elementId":0,"formula":"0","type":0,"variance":20},"description":"An experimental drug which decreases libido.\nGreatly decreases pussy affinity.","effects":[],"hitType":0,"iconIndex":219,"itypeId":1,"name":"Anaphrodisiac","note":"","occasion":3,"price":0,"repeats":1,"scope":0,"speed":0,"successRate":100,"tpGain":0},
{"id":25,"animationId":0,"consumable":false,"damage":{"critical":false,"elementId":0,"formula":"0","type":0,"variance":20},"description":"A fragment of a combo nail file / rasp.","effects":[],"hitType":0,"iconIndex":202,"itypeId":2,"name":"Nail File","note":"","occasion":3,"price":0,"repeats":1,"scope":0,"speed":0,"successRate":100,"tpGain":0},
{"id":26,"animationId":0,"consumable":false,"damage":{"critical":false,"elementId":0,"formula":"0","type":0,"variance":20},"description":"A dollop of moisturizing cream.","effects":[],"hitType":0,"iconIndex":211,"itypeId":2,"name":"Moisturizer","note":"","occasion":3,"price":0,"repeats":1,"scope":0,"speed":0,"successRate":100,"tpGain":0},
{"id":27,"animationId":0,"consumable":false,"damage":{"critical":false,"elementId":0,"formula":"0","type":0,"variance":20},"description":"A melty piece of assorted chocolate.","effects":[],"hitType":0,"iconIndex":306,"itypeId":2,"name":"Chocolate","note":"","occasion":3,"price":0,"repeats":1,"scope":0,"speed":0,"successRate":100,"tpGain":0},
{"id":28,"animationId":0,"consumable":false,"damage":{"critical":false,"elementId":0,"formula":"0","type":0,"variance":20},"description":"A length of dental floss. At your size it's as thick as a rope.","effects":[],"hitType":0,"iconIndex":215,"itypeId":2,"name":"Dental Floss","note":"","occasion":3,"price":0,"repeats":1,"scope":0,"speed":0,"successRate":100,"tpGain":0},
{"id":29,"animationId":0,"consumable":false,"damage":{"critical":false,"elementId":0,"formula":"0","type":0,"variance":20},"description":"A spray-on solution which when applied to the body, \ncan mitigate the effects of acid.","effects":[{"code":44,"dataId":116,"value1":1,"value2":0}],"hitType":0,"iconIndex":176,"itypeId":2,"name":"Body-Shield Spray","note":"","occasion":2,"price":0,"repeats":1,"scope":11,"speed":0,"successRate":100,"tpGain":0},
{"id":30,"animationId":0,"consumable":false,"damage":{"critical":false,"elementId":0,"formula":"0","type":0,"variance":20},"description":"A firm, long strand of noodle taken from Maria's dinner.","effects":[],"hitType":0,"iconIndex":215,"itypeId":2,"name":"Noodle","note":"","occasion":3,"price":0,"repeats":1,"scope":0,"speed":0,"successRate":100,"tpGain":0},
{"id":31,"animationId":0,"consumable":false,"damage":{"critical":false,"elementId":0,"formula":"0","type":0,"variance":20},"description":"A tiny sliver of green onion from Maria's dinner.","effects":[],"hitType":0,"iconIndex":257,"itypeId":2,"name":"Green Onion","note":"","occasion":3,"price":0,"repeats":1,"scope":0,"speed":0,"successRate":100,"tpGain":0},
{"id":32,"animationId":0,"consumable":false,"damage":{"critical":false,"elementId":0,"formula":"0","type":0,"variance":20},"description":"Another totally not suspicious pill that Natsuki gave you \nto drug Kurokawa.","effects":[],"hitType":0,"iconIndex":177,"itypeId":2,"name":"Inconspicuous Pill","note":"","occasion":3,"price":0,"repeats":1,"scope":0,"speed":0,"successRate":100,"tpGain":0},
{"id":33,"animationId":0,"consumable":false,"damage":{"critical":false,"elementId":0,"formula":"0","type":0,"variance":20},"description":"A computer chip which stores the shrunken subject's biological data.\nRequired to safely reverse the effects of the Minimum Project. ","effects":[],"hitType":0,"iconIndex":188,"itypeId":2,"name":"Biometrics Chip","note":"","occasion":3,"price":0,"repeats":1,"scope":0,"speed":0,"successRate":100,"tpGain":0},
{"id":34,"animationId":0,"consumable":true,"damage":{"critical":false,"elementId":0,"formula":"0","type":0,"variance":20},"description":"A tiny fragment of high-quality, somehow still delicious food.\nRaises maximum HP.","effects":[{"code":42,"dataId":0,"value1":10,"value2":0},{"code":11,"dataId":0,"value1":0,"value2":10}],"hitType":0,"iconIndex":274,"itypeId":2,"name":"Gourmet Food","note":"","occasion":2,"price":0,"repeats":1,"scope":7,"speed":0,"successRate":100,"tpGain":0},
{"id":35,"animationId":0,"consumable":true,"damage":{"critical":false,"elementId":0,"formula":"0","type":0,"variance":20},"description":"Some kind of heavenly fluid...\nRaises maximum MP.","effects":[{"code":42,"dataId":1,"value1":10,"value2":0},{"code":12,"dataId":0,"value1":0,"value2":10}],"hitType":0,"iconIndex":275,"itypeId":2,"name":"Ambrosia","note":"","occasion":2,"price":0,"repeats":1,"scope":7,"speed":0,"successRate":100,"tpGain":0},
{"id":36,"animationId":0,"consumable":true,"damage":{"critical":false,"elementId":0,"formula":"0","type":0,"variance":20},"description":"Shimmers with an inspirational sheen.\nRaises maximum HP and MP.","effects":[{"code":42,"dataId":0,"value1":10,"value2":0},{"code":42,"dataId":1,"value1":10,"value2":0},{"code":11,"dataId":0,"value1":0,"value2":10},{"code":12,"dataId":0,"value1":0,"value2":10}],"hitType":0,"iconIndex":302,"itypeId":2,"name":"Glittering Fragment","note":"","occasion":2,"price":0,"repeats":1,"scope":7,"speed":0,"successRate":100,"tpGain":0},
{"id":37,"animationId":0,"consumable":true,"damage":{"critical":false,"elementId":0,"formula":"0","type":0,"variance":20},"description":"A piece of clothing lint. It's saturated with a certain scent...\nRaises maximum HP.","effects":[{"code":42,"dataId":0,"value1":10,"value2":0},{"code":11,"dataId":0,"value1":0,"value2":10}],"hitType":0,"iconIndex":290,"itypeId":2,"name":"Infused Lint","note":"","occasion":2,"price":0,"repeats":1,"scope":7,"speed":0,"successRate":100,"tpGain":0},
{"id":38,"animationId":0,"consumable":false,"damage":{"critical":false,"elementId":0,"formula":"0","type":0,"variance":20},"description":"A sliver of meat chewed into an almost unrecognizable pulp.","effects":[],"hitType":0,"iconIndex":259,"itypeId":2,"name":"Chewed Up Meat","note":"","occasion":3,"price":0,"repeats":1,"scope":0,"speed":0,"successRate":100,"tpGain":0},
{"id":39,"animationId":0,"consumable":false,"damage":{"critical":false,"elementId":0,"formula":"0","type":0,"variance":20},"description":"One of your fellow shrunken classmates that's following you.\nTake them to a place of refuge.","effects":[],"hitType":0,"iconIndex":82,"itypeId":2,"name":"Shrunken Student (M)","note":"","occasion":3,"price":0,"repeats":1,"scope":0,"speed":0,"successRate":100,"tpGain":0},
{"id":40,"animationId":0,"consumable":false,"damage":{"critical":false,"elementId":0,"formula":"0","type":0,"variance":20},"description":"One of your fellow shrunken classmates that's following you.\nTake them to a place of refuge.","effects":[],"hitType":0,"iconIndex":90,"itypeId":2,"name":"Shrunken Student (F)","note":"","occasion":3,"price":0,"repeats":1,"scope":0,"speed":0,"successRate":100,"tpGain":0},
{"id":41,"animationId":0,"consumable":false,"damage":{"critical":false,"elementId":0,"formula":"0","type":0,"variance":20},"description":"A chunk of chocolate broken off from a chocolate chip cookie.","effects":[],"hitType":0,"iconIndex":305,"itypeId":1,"name":"Chocolate Chunk","note":"","occasion":3,"price":0,"repeats":1,"scope":0,"speed":0,"successRate":100,"tpGain":0},
{"id":42,"animationId":0,"consumable":true,"damage":{"critical":false,"elementId":0,"formula":"0","type":0,"variance":20},"description":"","effects":[],"hitType":0,"iconIndex":0,"itypeId":1,"name":"","note":"","occasion":0,"price":0,"repeats":1,"scope":7,"speed":0,"successRate":100,"tpGain":0},
{"id":43,"animationId":0,"consumable":true,"damage":{"critical":false,"elementId":0,"formula":"0","type":0,"variance":20},"description":"","effects":[],"hitType":0,"iconIndex":0,"itypeId":1,"name":"","note":"","occasion":0,"price":0,"repeats":1,"scope":7,"speed":0,"successRate":100,"tpGain":0},
{"id":44,"animationId":0,"consumable":true,"damage":{"critical":false,"elementId":0,"formula":"0","type":0,"variance":20},"description":"","effects":[],"hitType":0,"iconIndex":0,"itypeId":1,"name":"","note":"","occasion":0,"price":0,"repeats":1,"scope":7,"speed":0,"successRate":100,"tpGain":0},
{"id":45,"animationId":0,"consumable":true,"damage":{"critical":false,"elementId":0,"formula":"0","type":0,"variance":20},"description":"","effects":[],"hitType":0,"iconIndex":0,"itypeId":1,"name":"","note":"","occasion":0,"price":0,"repeats":1,"scope":7,"speed":0,"successRate":100,"tpGain":0},
{"id":46,"animationId":0,"consumable":true,"damage":{"critical":false,"elementId":0,"formula":"0","type":0,"variance":20},"description":"","effects":[],"hitType":0,"iconIndex":0,"itypeId":1,"name":"","note":"","occasion":0,"price":0,"repeats":1,"scope":7,"speed":0,"successRate":100,"tpGain":0},
{"id":47,"animationId":0,"consumable":true,"damage":{"critical":false,"elementId":0,"formula":"0","type":0,"variance":20},"description":"","effects":[],"hitType":0,"iconIndex":0,"itypeId":1,"name":"","note":"","occasion":0,"price":0,"repeats":1,"scope":7,"speed":0,"successRate":100,"tpGain":0},
{"id":48,"animationId":0,"consumable":true,"damage":{"critical":false,"elementId":0,"formula":"0","type":0,"variance":20},"description":"","effects":[],"hitType":0,"iconIndex":0,"itypeId":1,"name":"","note":"","occasion":0,"price":0,"repeats":1,"scope":7,"speed":0,"successRate":100,"tpGain":0},
{"id":49,"animationId":0,"consumable":true,"damage":{"critical":false,"elementId":0,"formula":"0","type":0,"variance":20},"description":"","effects":[],"hitType":0,"iconIndex":0,"itypeId":1,"name":"","note":"","occasion":0,"price":0,"repeats":1,"scope":7,"speed":0,"successRate":100,"tpGain":0},
{"id":50,"animationId":0,"consumable":true,"damage":{"critical":false,"elementId":0,"formula":"0","type":0,"variance":20},"description":"","effects":[],"hitType":0,"iconIndex":0,"itypeId":1,"name":"","note":"","occasion":0,"price":0,"repeats":1,"scope":7,"speed":0,"successRate":100,"tpGain":0}
]