{
"autoplayBgm":false,"autoplayBgs":false,"battleback1Name":"","battleback2Name":"","bgm":{"name":"","pan":0,"pitch":100,"volume":90},"bgs":{"name":"","pan":0,"pitch":100,"volume":90},"disableDashing":false,"displayName":"Maria's Mansion 2F - Part 3","encounterList":[],"encounterStep":30,"height":8,"note":"","parallaxLoopX":false,"parallaxLoopY":false,"parallaxName":"","parallaxShow":true,"parallaxSx":0,"parallaxSy":0,"scrollType":0,"specifyBattleback":false,"tilesetId":17,"width":10,
"data":[6044,6060,6060,6060,6060,6060,6060,6060,6060,6040,6064,7232,7232,7232,7232,7232,7232,7232,7232,6048,6064,7240,7240,7240,7240,7240,7240,7240,7240,6048,6064,1654,1654,1654,1654,1654,1654,1654,1654,6048,6064,1654,1654,1654,1654,1654,1654,1654,1654,6048,6064,1654,1654,1654,1654,1654,1654,1654,1654,6048,6064,1654,1654,1654,1654,1654,1654,1654,1654,6048,6073,6065,6065,6065,6077,1654,6075,6065,6065,6041,0,0,0,0,0,0,0,0,0,0,0,0,0,0,0,0,0,0,0,0,0,0,0,0,0,0,0,0,0,0,0,0,0,0,0,0,0,0,0,0,0,0,0,0,0,0,0,0,0,0,0,0,0,0,0,0,0,0,0,0,0,0,0,0,0,0,0,0,0,0,0,0,0,0,0,0,0,0,0,0,0,0,0,0,0,0,0,0,0,0,0,0,106,0,0,0,0,106,0,0,0,0,0,0,680,680,0,0,0,0,0,0,0,0,844,844,0,0,0,0,0,0,0,0,0,0,0,0,0,0,0,0,0,0,0,0,0,0,0,0,0,0,0,0,0,0,0,0,0,0,0,0,0,0,0,0,0,0,0,0,0,0,0,0,0,0,0,0,0,0,0,0,105,0,614,615,0,105,0,0,0,699,696,836,622,623,836,690,558,0,0,0,704,844,809,809,844,0,566,0,0,0,0,0,0,0,0,0,574,0,0,492,0,0,0,0,0,0,0,0,0,500,0,0,0,0,0,747,748,0,0,0,0,0,0,0,0,0,0,0,0,0,0,0,0,0,0,0,0,0,0,0,0,0,0,0,0,0,0,0,0,0,0,0,0,0,0,0,0,0,0,5,0,0,0,0,0,0,0,0,0,5,0,0,0,0,0,0,0,0,0,5,0,0,0,0,0,0,0,0,0,5,0,0,0,0,0,0,0,0,0,0,0,0,0,0,0,0,0,0,0,0,0,0,0,0,0,0,0,0,0,0,0,0,0,0,0,0,0,0,0,0,0,0,0,0,0,0,0,0,0,0,0,0,0,0,0,0,0,0,0,0,0,0,0,0,0,0,0,0,0,0,0,0,0,0,0,0,0,0,0,0,0,0,0,0,0,0,0,0,0,0,0,0,0,0,0,0,0,0],
"events":[
null,
{"id":1,"name":"Bathroom Door","note":"","pages":[{"conditions":{"actorId":1,"actorValid":false,"itemId":1,"itemValid":false,"selfSwitchCh":"A","selfSwitchValid":false,"switch1Id":1,"switch1Valid":false,"switch2Id":1,"switch2Valid":false,"variableId":1,"variableValid":false,"variableValue":0},"directionFix":false,"image":{"tileId":0,"characterName":"!Door7","direction":2,"pattern":2,"characterIndex":2},"list":[{"code":250,"indent":0,"parameters":[{"name":"Move1","pan":0,"pitch":100,"volume":90}]},{"code":201,"indent":0,"parameters":[0,95,39,14,2,0]},{"code":0,"indent":0,"parameters":[]}],"moveFrequency":3,"moveRoute":{"list":[{"code":0,"parameters":[]}],"repeat":true,"skippable":false,"wait":false},"moveSpeed":3,"moveType":0,"priorityType":2,"stepAnime":false,"through":false,"trigger":1,"walkAnime":true}],"x":5,"y":7},
{"id":2,"name":"Bathtub Event","note":"","pages":[{"conditions":{"actorId":1,"actorValid":false,"itemId":1,"itemValid":false,"selfSwitchCh":"A","selfSwitchValid":false,"switch1Id":1,"switch1Valid":false,"switch2Id":1,"switch2Valid":false,"variableId":1,"variableValid":false,"variableValue":0},"directionFix":true,"image":{"tileId":0,"characterName":"!Flame","direction":8,"pattern":2,"characterIndex":6},"list":[{"code":123,"indent":0,"parameters":["A",0]},{"code":0,"indent":0,"parameters":[]}],"moveFrequency":3,"moveRoute":{"list":[{"code":0,"parameters":[]}],"repeat":true,"skippable":false,"wait":false},"moveSpeed":3,"moveType":0,"priorityType":1,"stepAnime":true,"through":false,"trigger":0,"walkAnime":true},{"conditions":{"actorId":1,"actorValid":false,"itemId":1,"itemValid":false,"selfSwitchCh":"A","selfSwitchValid":true,"switch1Id":1,"switch1Valid":false,"switch2Id":1,"switch2Valid":false,"variableId":1,"variableValid":false,"variableValue":0},"directionFix":false,"image":{"tileId":0,"characterName":"","direction":8,"pattern":2,"characterIndex":6},"list":[{"code":101,"indent":0,"parameters":["Hiroshi5",5,0,2]},{"code":401,"indent":0,"parameters":["\\n<\\N[1]>What an absolutely monolithic bathtub...\\.\\. Really "]},{"code":401,"indent":0,"parameters":["feeling the urge to explore it..."]},{"code":102,"indent":0,"parameters":[["Climb","Leave"],1,-1,2,0]},{"code":402,"indent":0,"parameters":[0,"Climb"]},{"code":355,"indent":1,"parameters":["Galv.CACHE.load('pictures','Maria Bath 1');"]},{"code":655,"indent":1,"parameters":["Galv.CACHE.load('pictures','Maria Bath 2');"]},{"code":655,"indent":1,"parameters":["Galv.CACHE.load('pictures','Maria Bath 3');"]},{"code":655,"indent":1,"parameters":["Galv.CACHE.load('pictures','Maria Bath 4');"]},{"code":250,"indent":1,"parameters":[{"name":"footfalls small db pitch reverb-08","volume":0,"pitch":100,"pan":0}]},{"code":250,"indent":1,"parameters":[{"name":"footfalls small db pitch reverb-09","volume":0,"pitch":100,"pan":0}]},{"code":101,"indent":1,"parameters":["Hiroshi",5,0,2]},{"code":401,"indent":1,"parameters":["\\n<\\N[1]>Good thing \\N[4] didn't take all my stuff this "]},{"code":401,"indent":1,"parameters":["time.\\.\\. Should be able to make it up with my climbing "]},{"code":401,"indent":1,"parameters":["equipment."]},{"code":242,"indent":1,"parameters":[2]},{"code":250,"indent":1,"parameters":[{"name":"Equip2","volume":50,"pitch":100,"pan":0}]},{"code":221,"indent":1,"parameters":[]},{"code":223,"indent":1,"parameters":[[0,0,0,0],2,true]},{"code":231,"indent":1,"parameters":[1,"Maria Bath 1",0,0,0,0,100,100,255,0]},{"code":230,"indent":1,"parameters":[96]},{"code":222,"indent":1,"parameters":[]},{"code":230,"indent":1,"parameters":[60]},{"code":101,"indent":1,"parameters":["Hiroshi6",0,1,2]},{"code":401,"indent":1,"parameters":["\\n<\\N[1]>Good lord is it ever massive...\\.\\. Feels like I'm "]},{"code":401,"indent":1,"parameters":["standing on top of a dam or something."]},{"code":101,"indent":1,"parameters":["Hiroshi",0,1,2]},{"code":401,"indent":1,"parameters":["\\n<\\N[1]>But hmm...\\.\\. Why is the tub full?"]},{"code":101,"indent":1,"parameters":["Hiroshi4",5,1,2]},{"code":401,"indent":1,"parameters":["\\n<\\N[1]>Wait, doesn't that mean someone is about to...\\.\\.\\.\\^"]},{"code":221,"indent":1,"parameters":[]},{"code":231,"indent":1,"parameters":[1,"Maria Bath 2",0,0,0,0,100,100,255,0]},{"code":250,"indent":1,"parameters":[{"name":"footfalls small db pitch reverb-07","volume":45,"pitch":102,"pan":0}]},{"code":230,"indent":1,"parameters":[60]},{"code":250,"indent":1,"parameters":[{"name":"footfalls small db pitch reverb-07","volume":75,"pitch":101,"pan":0}]},{"code":230,"indent":1,"parameters":[60]},{"code":250,"indent":1,"parameters":[{"name":"footfalls small db pitch reverb-07","volume":85,"pitch":100,"pan":0}]},{"code":230,"indent":1,"parameters":[60]},{"code":250,"indent":1,"parameters":[{"name":"footfalls small db pitch reverb-07","volume":100,"pitch":99,"pan":0}]},{"code":230,"indent":1,"parameters":[45]},{"code":250,"indent":1,"parameters":[{"name":"Maria Sigh 1 E","volume":90,"pitch":100,"pan":0}]},{"code":230,"indent":1,"parameters":[100]},{"code":222,"indent":1,"parameters":[]},{"code":230,"indent":1,"parameters":[90]},{"code":101,"indent":1,"parameters":["",0,1,2]},{"code":401,"indent":1,"parameters":["\\n<\\N[4]>Time for a nice, relaxing bath before bed."]},{"code":245,"indent":1,"parameters":[{"name":"rumble BGS Loud","volume":100,"pitch":100,"pan":0}]},{"code":230,"indent":1,"parameters":[5]},{"code":356,"indent":1,"parameters":["Shake 1 290"]},{"code":231,"indent":1,"parameters":[2,"Maria Bath 3",0,0,0,0,100,100,255,0]},{"code":230,"indent":1,"parameters":[75]},{"code":221,"indent":1,"parameters":[]},{"code":231,"indent":1,"parameters":[2,"Maria Bath 4",0,0,0,0,100,100,255,0]},{"code":230,"indent":1,"parameters":[60]},{"code":246,"indent":1,"parameters":[2]},{"code":250,"indent":1,"parameters":[{"name":"Splash RGSS1","volume":100,"pitch":80,"pan":0}]},{"code":230,"indent":1,"parameters":[5]},{"code":250,"indent":1,"parameters":[{"name":"Water1","volume":65,"pitch":50,"pan":0}]},{"code":230,"indent":1,"parameters":[100]},{"code":230,"indent":1,"parameters":[20]},{"code":245,"indent":1,"parameters":[{"name":"Water Splashing 2 R","volume":25,"pitch":100,"pan":0}]},{"code":222,"indent":1,"parameters":[]},{"code":230,"indent":1,"parameters":[120]},{"code":101,"indent":1,"parameters":["Hiroshi6",1,1,2]},{"code":401,"indent":1,"parameters":["\\n<\\N[1]>Holy sweet mother of god.\\.\\."]},{"code":101,"indent":1,"parameters":["Hiroshi3",2,1,2]},{"code":401,"indent":1,"parameters":["\\n<\\N[1]>I don't know what I did to deserve such a sight, but "]},{"code":401,"indent":1,"parameters":["I can never be thankful enough..."]},{"code":101,"indent":1,"parameters":["Hiroshi7",3,1,2]},{"code":401,"indent":1,"parameters":["\\n<\\N[1]>I'd better be careful though, "]},{"code":401,"indent":1,"parameters":["if she finds me here I don't even want to think about what "]},{"code":401,"indent":1,"parameters":["she'll do to me..."]},{"code":221,"indent":1,"parameters":[]},{"code":117,"indent":1,"parameters":[25]},{"code":235,"indent":1,"parameters":[1]},{"code":235,"indent":1,"parameters":[2]},{"code":117,"indent":1,"parameters":[55]},{"code":201,"indent":1,"parameters":[0,104,11,5,6,2]},{"code":230,"indent":1,"parameters":[5]},{"code":222,"indent":1,"parameters":[]},{"code":123,"indent":1,"parameters":["A",1]},{"code":0,"indent":1,"parameters":[]},{"code":402,"indent":0,"parameters":[1,"Leave"]},{"code":123,"indent":1,"parameters":["A",1]},{"code":0,"indent":1,"parameters":[]},{"code":404,"indent":0,"parameters":[]},{"code":0,"indent":0,"parameters":[]}],"moveFrequency":3,"moveRoute":{"list":[{"code":0,"parameters":[]}],"repeat":true,"skippable":false,"wait":false},"moveSpeed":3,"moveType":0,"priorityType":0,"stepAnime":false,"through":false,"trigger":3,"walkAnime":true}],"x":8,"y":3},
null,
null,
null,
null,
null,
null,
null,
null,
null,
null,
null,
null,
null,
null
]
}