{
"autoplayBgm":false,"autoplayBgs":false,"battleback1Name":"","battleback2Name":"","bgm":{"name":"","pan":0,"pitch":100,"volume":90},"bgs":{"name":"","pan":0,"pitch":100,"volume":90},"disableDashing":false,"displayName":"Hitomi's House","encounterList":[],"encounterStep":30,"height":13,"note":"","parallaxLoopX":false,"parallaxLoopY":false,"parallaxName":"","parallaxShow":true,"parallaxSx":0,"parallaxSy":0,"scrollType":0,"specifyBattleback":false,"tilesetId":1,"width":17,
"data":[0,0,0,0,0,0,0,0,0,0,0,0,0,0,0,0,0,0,0,0,0,0,0,0,0,0,0,0,0,0,0,0,0,0,0,0,0,0,0,0,0,0,0,0,0,0,0,0,0,0,0,0,0,0,0,0,0,0,0,0,0,0,0,0,0,0,0,0,0,0,0,0,0,0,0,0,0,0,0,0,0,0,0,0,0,0,0,0,0,0,0,0,0,0,0,0,0,0,0,0,0,0,0,0,0,0,0,0,0,0,0,0,0,0,0,0,0,0,0,0,0,0,0,0,0,0,0,0,0,0,0,0,0,0,0,0,0,0,0,0,0,0,0,0,0,0,0,0,0,0,0,0,0,0,0,0,0,0,0,0,0,0,0,0,0,0,0,0,0,0,0,0,0,0,0,0,0,0,0,0,0,0,0,0,0,0,0,0,0,0,0,0,0,0,0,0,0,0,0,0,0,0,0,0,0,0,0,0,0,0,0,0,0,0,0,0,0,0,0,0,0,0,0,0,0,0,0,0,0,0,0,0,0,0,0,0,0,0,0,0,0,0,0,0,0,0,0,0,0,0,0,0,0,0,0,0,0,0,0,0,0,0,0,0,0,0,0,0,0,0,0,0,0,0,0,0,0,0,0,0,0,0,0,0,0,0,0,0,0,0,0,0,0,0,0,0,0,0,0,0,0,0,0,0,0,0,0,0,0,0,0,0,0,0,0,0,0,0,0,0,0,0,0,0,0,0,0,0,0,0,0,0,0,0,0,0,0,0,0,0,0,0,0,0,0,0,0,0,0,0,0,0,0,0,0,0,0,0,0,0,0,0,0,0,0,0,0,0,0,0,0,0,0,0,0,0,0,0,0,0,0,0,0,0,0,0,0,0,0,0,0,0,0,0,0,0,0,0,0,0,0,0,0,0,0,0,0,0,0,0,0,0,0,0,0,0,0,0,0,0,0,0,0,0,0,0,0,0,0,0,0,0,0,0,0,0,0,0,0,0,0,0,0,0,0,0,0,0,0,0,0,0,0,0,0,0,0,0,0,0,0,0,0,0,0,0,0,0,0,0,0,0,0,0,0,0,0,0,0,0,0,0,0,0,0,0,0,0,0,0,0,0,0,0,0,0,0,0,0,0,0,0,0,0,0,0,0,0,0,0,0,0,0,0,0,0,0,0,0,0,0,0,0,0,0,0,0,0,0,0,0,0,0,0,0,0,0,0,0,0,0,0,0,0,0,0,0,0,0,0,0,0,0,0,0,0,0,0,0,0,0,0,0,0,0,0,0,0,0,0,0,0,0,0,0,0,0,0,0,0,0,0,0,0,0,0,0,0,0,0,0,0,0,0,0,0,0,0,0,0,0,0,0,0,0,0,0,0,0,0,0,0,0,0,0,0,0,0,0,0,0,0,0,0,0,0,0,0,0,0,0,0,0,0,0,0,0,0,0,0,0,0,0,0,0,0,0,0,0,0,0,0,0,0,0,0,0,0,0,0,0,0,0,0,0,0,0,0,0,0,0,0,0,0,0,0,0,0,0,0,0,0,0,0,0,0,0,0,0,0,0,0,0,0,0,0,0,0,0,0,0,0,0,0,0,0,0,0,0,0,0,0,0,0,0,0,0,0,0,0,0,0,0,0,0,0,0,0,0,0,0,0,0,0,0,0,0,0,0,0,0,0,0,0,0,0,0,0,0,0,0,0,0,0,0,0,0,0,0,0,0,0,0,0,0,0,0,0,0,0,0,0,0,0,0,0,0,0,0,0,0,0,0,0,0,0,0,0,0,0,0,0,0,0,0,0,0,0,0,0,0,0,0,0,0,0,0,0,0,0,0,0,0,0,0,0,0,0,0,0,0,0,0,0,0,0,0,0,0,0,0,0,0,0,0,0,0,0,0,0,0,0,0,0,0,0,0,0,0,0,0,0,0,0,0,0,0,0,0,0,0,0,0,0,0,0,0,0,0,0,0,0,0,0,0,0,0,0,0,0,0,0,0,0,0,0,0,0,0,0,0,0,0,0,0,0,0,0,0,0,0,0,0,0,0,0,0,0,0,0,0,0,0,0,0,0,0,0,0,0,0,0,0,0,0,0,0,0,0,0,0,0,0,0,0,0,0,0,0,0,0,0,0,0,0,0,0,0,0,0,0,0,0,0,0,0,0,0,0,0,0,0,0,0,0,0,0,0,0,0,0,0,0,0,0,0,0,0,0,0,0,0,0,0,0,0,0,0,0,0,0,0,0,0,0,0,0,0,0,0,0,0,0,0,0,0,0,0,0,0,0,0,0,0,0,0,0,0,0,0,0,0,0,0,0,0,0,0,0,0,0,0,0,0,0,0,0,0,0,0,0,0,0,0,0,0,0,0,0,0,0,0,0,0,0,0,0,0,0,0,0,0,0,0,0,0,0,0,0,0,0,0,0,0,0,0,0,0,0,0,0,0,0,0,0,0,0,0,0,0,0,0,0,0,0,0,0,0,0,0,0,0,0,0,0,0,0,0,0,0,0,0,0,0,0,0,0,0,0,0,0,0,0,0,0,0,0,0,0,0,0,0,0,0,0,0,0,0,0,0,0,0,0,0,0,0,0,0,0,0,0,0,0,0,0,0,0,0,0,0,0,0,0,0,0,0,0,0,0,0,0,0,0,0,0,0,0,0,0,0,0,0,0,0,0,0,0,0,0,0,0,0,0,0,0,0,0,0,0,0,0,0,0,0,0,0,0,0,0,0,0,0,0,0,0,0,0,0,0,0,0,0,0,0,0,0,0,0,0,0,0,0,0,0,0,0,0,0,0,0,0,0,0,0,0,0,0,0,0,0,0,0,0,0,0,0,0,0,0,0,0,0,0,0,0,0,0,0,0,0,0,0,0,0,0,0,0,0,0,0,0,0,0,0,0,0,0,0,0,0,0,0,0,0,0,0,0,0,0,0,0,0,0,0,0,0,0,0,0,0,0,0,0,0,0,0,0,0,0,0,0,0,0,0,0,0],
"events":[
null,
{"id":1,"name":"Entering Room","note":"","pages":[{"conditions":{"actorId":1,"actorValid":false,"itemId":1,"itemValid":false,"selfSwitchCh":"A","selfSwitchValid":false,"switch1Id":1,"switch1Valid":false,"switch2Id":1,"switch2Valid":false,"variableId":1,"variableValid":false,"variableValue":0},"directionFix":false,"image":{"characterIndex":0,"characterName":"","direction":2,"pattern":0,"tileId":0},"list":[{"code":117,"indent":0,"parameters":[25]},{"code":117,"indent":0,"parameters":[45]},{"code":355,"indent":0,"parameters":["Galv.CACHE.load('pictures','Hitomi Bed Loom 1');"]},{"code":655,"indent":0,"parameters":["Galv.CACHE.load('pictures','Hitomi Bed Loom 2');"]},{"code":655,"indent":0,"parameters":["Galv.CACHE.load('pictures','Hitomi Bed Loom 3');"]},{"code":655,"indent":0,"parameters":["Galv.CACHE.load('pictures','Hitomi Bed Loom 4');"]},{"code":655,"indent":0,"parameters":["Galv.CACHE.load('pictures','Hitomi Bed Loom 5');"]},{"code":655,"indent":0,"parameters":["Galv.CACHE.load('pictures','Hitomi Bed Loom 6');"]},{"code":655,"indent":0,"parameters":["Galv.CACHE.load('pictures','Hitomi Bed Loom 7');"]},{"code":655,"indent":0,"parameters":["Galv.CACHE.load('pictures','Hitomi Bed Loom 8');"]},{"code":655,"indent":0,"parameters":["Galv.CACHE.load('pictures','Hitomi Bed Loom 9');"]},{"code":655,"indent":0,"parameters":["Galv.CACHE.load('pictures','Hitomi Bed Loom 10');"]},{"code":655,"indent":0,"parameters":["Galv.CACHE.load('pictures','Hitomi Bed Loom 11');"]},{"code":101,"indent":0,"parameters":["",0,0,1]},{"code":401,"indent":0,"parameters":[".\\.\\..\\.\\..\\.\\.."]},{"code":231,"indent":0,"parameters":[1,"Hitomi Bed Loom 1",0,0,0,0,100,100,255,0]},{"code":230,"indent":0,"parameters":[90]},{"code":261,"indent":0,"parameters":["Hitomi Sock Shake"]},{"code":355,"indent":0,"parameters":["$gameScreen.startFadeIn(60);"]},{"code":230,"indent":0,"parameters":[60]},{"code":230,"indent":0,"parameters":[60]},{"code":101,"indent":0,"parameters":["Hiroshi2",2,1,2]},{"code":401,"indent":0,"parameters":["\\n<\\N[1]>Wh...\\.\\. Where is this...?"]},{"code":101,"indent":0,"parameters":["",2,1,2]},{"code":401,"indent":0,"parameters":["\\n<\\N[5]>Heh.\\.\\. Where the hell do you think?"]},{"code":230,"indent":0,"parameters":[30]},{"code":221,"indent":0,"parameters":[]},{"code":231,"indent":0,"parameters":[1,"Hitomi Bed Loom 2",0,0,0,0,100,100,255,0]},{"code":222,"indent":0,"parameters":[]},{"code":230,"indent":0,"parameters":[30]},{"code":101,"indent":0,"parameters":["",2,1,2]},{"code":401,"indent":0,"parameters":["\\n<\\N[5]>My house.\\.\\. In my room.\\.\\. I know the concept of "]},{"code":401,"indent":0,"parameters":["being in a girl's room is foreign to you, but where the hell "]},{"code":401,"indent":0,"parameters":["else did you think you were going to end up after that long "]},{"code":401,"indent":0,"parameters":["ride in my sock?"]},{"code":231,"indent":0,"parameters":[2,"Hitomi Bed Loom 6",0,0,0,0,100,100,255,0]},{"code":101,"indent":0,"parameters":["",2,1,2]},{"code":401,"indent":0,"parameters":["\\n<\\N[5]>Since you just can't seem to stop crawling all over "]},{"code":401,"indent":0,"parameters":["my personal belongings, I figured you wouldn't mind becoming "]},{"code":401,"indent":0,"parameters":["one yourself."]},{"code":101,"indent":0,"parameters":["Hiroshi3",7,1,2]},{"code":401,"indent":0,"parameters":["\\n<\\N[1]>Huh?\\.\\. Wait, wait.\\.\\. Aren't you overreacting?\\.\\. "]},{"code":401,"indent":0,"parameters":["You're not just going to keep me here right?"]},{"code":250,"indent":0,"parameters":[{"name":"Hitomi Laugh 1 E","volume":90,"pitch":100,"pan":0}]},{"code":231,"indent":0,"parameters":[2,"Hitomi Bed Loom 11",0,0,0,0,100,100,255,0]},{"code":356,"indent":0,"parameters":["Shake 1 90"]},{"code":230,"indent":0,"parameters":[70]},{"code":111,"indent":0,"parameters":[1,10,0,3,1]},{"code":231,"indent":1,"parameters":[2,"Hitomi Bed Loom 10",0,0,0,0,100,100,255,0]},{"code":101,"indent":1,"parameters":["",2,1,2]},{"code":401,"indent":1,"parameters":["\\n<\\N[5]>You said yourself you wanted to be dominated.\\.\\. "]},{"code":401,"indent":1,"parameters":["What, getting cold feet now?"]},{"code":101,"indent":1,"parameters":["",2,1,2]},{"code":401,"indent":1,"parameters":["\\n<\\N[5]>Maybe you're starting to realize the reality of being "]},{"code":401,"indent":1,"parameters":["completely at somebody else's mercy isn't all it's cracked up "]},{"code":401,"indent":1,"parameters":["to be?"]},{"code":0,"indent":1,"parameters":[]},{"code":411,"indent":0,"parameters":[]},{"code":231,"indent":1,"parameters":[2,"Hitomi Bed Loom 9",0,0,0,0,100,100,255,0]},{"code":101,"indent":1,"parameters":["",2,1,2]},{"code":401,"indent":1,"parameters":["\\n<\\N[5]>You're cute when you're terrified.\\.\\. But no, nothing "]},{"code":401,"indent":1,"parameters":["like that. "]},{"code":231,"indent":1,"parameters":[2,"Hitomi Bed Loom 6",0,0,0,0,100,100,255,0]},{"code":101,"indent":1,"parameters":["",2,1,2]},{"code":401,"indent":1,"parameters":["\\n<\\N[5]>You clearly still need a lesson on embracing that "]},{"code":401,"indent":1,"parameters":["masochistic nature of yours that you just can't seem to "]},{"code":401,"indent":1,"parameters":["admit to."]},{"code":0,"indent":1,"parameters":[]},{"code":412,"indent":0,"parameters":[]},{"code":111,"indent":0,"parameters":[1,4,0,8,1]},{"code":231,"indent":1,"parameters":[2,"Hitomi Bed Loom 7",0,0,0,0,100,100,255,0]},{"code":231,"indent":1,"parameters":[3,"Hitomi Bed Loom 3",0,0,0,0,100,100,255,0]},{"code":101,"indent":1,"parameters":["",2,1,2]},{"code":401,"indent":1,"parameters":["\\n<\\N[5]>I'm not going to hold back.\\.\\. You're "]},{"code":401,"indent":1,"parameters":["going to be my sex toy for the rest of the night.\\.\\. No "]},{"code":401,"indent":1,"parameters":["complaints, I presume."]},{"code":250,"indent":1,"parameters":[{"name":"Flop-09","volume":50,"pitch":100,"pan":0}]},{"code":231,"indent":1,"parameters":[3,"Hitomi Bed Loom 4",0,0,0,0,100,100,255,0]},{"code":230,"indent":1,"parameters":[60]},{"code":231,"indent":1,"parameters":[2,"Hitomi Bed Loom 9",0,0,0,0,100,100,255,0]},{"code":101,"indent":1,"parameters":["",2,1,2]},{"code":401,"indent":1,"parameters":["\\n<\\N[5]>Work hard \\N[1].\\.\\. If you do a good job for me, "]},{"code":401,"indent":1,"parameters":["I might even think about taking you back to the school "]},{"code":401,"indent":1,"parameters":["tomorrow."]},{"code":0,"indent":1,"parameters":[]},{"code":411,"indent":0,"parameters":[]},{"code":231,"indent":1,"parameters":[2,"Hitomi Bed Loom 8",0,0,0,0,100,100,255,0]},{"code":231,"indent":1,"parameters":[3,"Hitomi Bed Loom 3",0,0,0,0,100,100,255,0]},{"code":101,"indent":1,"parameters":["",2,1,2]},{"code":401,"indent":1,"parameters":["\\n<\\N[5]>I'm not going to remotely hold back.\\.\\. You're "]},{"code":401,"indent":1,"parameters":["going to be my fucking sex toy for the rest of the night."]},{"code":250,"indent":1,"parameters":[{"name":"Flop-09","volume":50,"pitch":100,"pan":0}]},{"code":231,"indent":1,"parameters":[3,"Hitomi Bed Loom 4",0,0,0,0,100,100,255,0]},{"code":230,"indent":1,"parameters":[60]},{"code":231,"indent":1,"parameters":[2,"Hitomi Bed Loom 10",0,0,0,0,100,100,255,0]},{"code":101,"indent":1,"parameters":["",2,1,2]},{"code":401,"indent":1,"parameters":["\\n<\\N[5]>Don't fucking disappoint me.\\.\\. If you're not "]},{"code":401,"indent":1,"parameters":["totally used up by the end of the night, I might even take "]},{"code":401,"indent":1,"parameters":["you back to the school tomorrow."]},{"code":0,"indent":1,"parameters":[]},{"code":412,"indent":0,"parameters":[]},{"code":221,"indent":0,"parameters":[]},{"code":201,"indent":0,"parameters":[0,180,14,20,8,2]},{"code":0,"indent":0,"parameters":[]}],"moveFrequency":3,"moveRoute":{"list":[{"code":0,"parameters":[]}],"repeat":true,"skippable":false,"wait":false},"moveSpeed":3,"moveType":0,"priorityType":0,"stepAnime":false,"through":false,"trigger":3,"walkAnime":true}],"x":0,"y":0}
]
}