{
"autoplayBgm":false,"autoplayBgs":false,"battleback1Name":"","battleback2Name":"","bgm":{"name":"","pan":0,"pitch":100,"volume":90},"bgs":{"name":"","pan":0,"pitch":100,"volume":90},"disableDashing":false,"displayName":"","encounterList":[],"encounterStep":30,"height":13,"note":"","parallaxLoopX":false,"parallaxLoopY":false,"parallaxName":"","parallaxShow":true,"parallaxSx":0,"parallaxSy":0,"scrollType":0,"specifyBattleback":false,"tilesetId":1,"width":17,
"data":[0,0,0,0,0,0,0,0,0,0,0,0,0,0,0,0,0,0,0,0,0,0,0,0,0,0,0,0,0,0,0,0,0,0,0,0,0,0,0,0,0,0,0,0,0,0,0,0,0,0,0,0,0,0,0,0,0,0,0,0,0,0,0,0,0,0,0,0,0,0,0,0,0,0,0,0,0,0,0,0,0,0,0,0,0,0,0,0,0,0,0,0,0,0,0,0,0,0,0,0,0,0,0,0,0,0,0,0,0,0,0,0,0,0,0,0,0,0,0,0,0,0,0,0,0,0,0,0,0,0,0,0,0,0,0,0,0,0,0,0,0,0,0,0,0,0,0,0,0,0,0,0,0,0,0,0,0,0,0,0,0,0,0,0,0,0,0,0,0,0,0,0,0,0,0,0,0,0,0,0,0,0,0,0,0,0,0,0,0,0,0,0,0,0,0,0,0,0,0,0,0,0,0,0,0,0,0,0,0,0,0,0,0,0,0,0,0,0,0,0,0,0,0,0,0,0,0,0,0,0,0,0,0,0,0,0,0,0,0,0,0,0,0,0,0,0,0,0,0,0,0,0,0,0,0,0,0,0,0,0,0,0,0,0,0,0,0,0,0,0,0,0,0,0,0,0,0,0,0,0,0,0,0,0,0,0,0,0,0,0,0,0,0,0,0,0,0,0,0,0,0,0,0,0,0,0,0,0,0,0,0,0,0,0,0,0,0,0,0,0,0,0,0,0,0,0,0,0,0,0,0,0,0,0,0,0,0,0,0,0,0,0,0,0,0,0,0,0,0,0,0,0,0,0,0,0,0,0,0,0,0,0,0,0,0,0,0,0,0,0,0,0,0,0,0,0,0,0,0,0,0,0,0,0,0,0,0,0,0,0,0,0,0,0,0,0,0,0,0,0,0,0,0,0,0,0,0,0,0,0,0,0,0,0,0,0,0,0,0,0,0,0,0,0,0,0,0,0,0,0,0,0,0,0,0,0,0,0,0,0,0,0,0,0,0,0,0,0,0,0,0,0,0,0,0,0,0,0,0,0,0,0,0,0,0,0,0,0,0,0,0,0,0,0,0,0,0,0,0,0,0,0,0,0,0,0,0,0,0,0,0,0,0,0,0,0,0,0,0,0,0,0,0,0,0,0,0,0,0,0,0,0,0,0,0,0,0,0,0,0,0,0,0,0,0,0,0,0,0,0,0,0,0,0,0,0,0,0,0,0,0,0,0,0,0,0,0,0,0,0,0,0,0,0,0,0,0,0,0,0,0,0,0,0,0,0,0,0,0,0,0,0,0,0,0,0,0,0,0,0,0,0,0,0,0,0,0,0,0,0,0,0,0,0,0,0,0,0,0,0,0,0,0,0,0,0,0,0,0,0,0,0,0,0,0,0,0,0,0,0,0,0,0,0,0,0,0,0,0,0,0,0,0,0,0,0,0,0,0,0,0,0,0,0,0,0,0,0,0,0,0,0,0,0,0,0,0,0,0,0,0,0,0,0,0,0,0,0,0,0,0,0,0,0,0,0,0,0,0,0,0,0,0,0,0,0,0,0,0,0,0,0,0,0,0,0,0,0,0,0,0,0,0,0,0,0,0,0,0,0,0,0,0,0,0,0,0,0,0,0,0,0,0,0,0,0,0,0,0,0,0,0,0,0,0,0,0,0,0,0,0,0,0,0,0,0,0,0,0,0,0,0,0,0,0,0,0,0,0,0,0,0,0,0,0,0,0,0,0,0,0,0,0,0,0,0,0,0,0,0,0,0,0,0,0,0,0,0,0,0,0,0,0,0,0,0,0,0,0,0,0,0,0,0,0,0,0,0,0,0,0,0,0,0,0,0,0,0,0,0,0,0,0,0,0,0,0,0,0,0,0,0,0,0,0,0,0,0,0,0,0,0,0,0,0,0,0,0,0,0,0,0,0,0,0,0,0,0,0,0,0,0,0,0,0,0,0,0,0,0,0,0,0,0,0,0,0,0,0,0,0,0,0,0,0,0,0,0,0,0,0,0,0,0,0,0,0,0,0,0,0,0,0,0,0,0,0,0,0,0,0,0,0,0,0,0,0,0,0,0,0,0,0,0,0,0,0,0,0,0,0,0,0,0,0,0,0,0,0,0,0,0,0,0,0,0,0,0,0,0,0,0,0,0,0,0,0,0,0,0,0,0,0,0,0,0,0,0,0,0,0,0,0,0,0,0,0,0,0,0,0,0,0,0,0,0,0,0,0,0,0,0,0,0,0,0,0,0,0,0,0,0,0,0,0,0,0,0,0,0,0,0,0,0,0,0,0,0,0,0,0,0,0,0,0,0,0,0,0,0,0,0,0,0,0,0,0,0,0,0,0,0,0,0,0,0,0,0,0,0,0,0,0,0,0,0,0,0,0,0,0,0,0,0,0,0,0,0,0,0,0,0,0,0,0,0,0,0,0,0,0,0,0,0,0,0,0,0,0,0,0,0,0,0,0,0,0,0,0,0,0,0,0,0,0,0,0,0,0,0,0,0,0,0,0,0,0,0,0,0,0,0,0,0,0,0,0,0,0,0,0,0,0,0,0,0,0,0,0,0,0,0,0,0,0,0,0,0,0,0,0,0,0,0,0,0,0,0,0,0,0,0,0,0,0,0,0,0,0,0,0,0,0,0,0,0,0,0,0,0,0,0,0,0,0,0,0,0,0,0,0,0,0,0,0,0,0,0,0,0,0,0,0,0,0,0,0,0,0,0,0,0,0,0,0,0,0,0,0,0,0,0,0,0,0,0,0,0,0,0,0,0,0,0,0,0,0,0,0,0,0,0,0,0,0,0,0,0,0,0,0,0,0,0,0,0,0,0,0,0,0,0,0,0,0,0,0,0,0,0,0,0,0,0,0,0,0,0,0,0,0,0,0,0,0,0,0,0,0,0,0,0,0,0,0,0,0,0,0,0,0,0,0,0,0,0,0,0,0,0,0,0,0,0,0,0,0,0,0,0,0,0,0,0,0,0],
"events":[
null,
{"id":1,"name":"Student1","note":"","pages":[{"conditions":{"actorId":1,"actorValid":false,"itemId":1,"itemValid":false,"selfSwitchCh":"A","selfSwitchValid":false,"switch1Id":1,"switch1Valid":false,"switch2Id":1,"switch2Valid":false,"variableId":1,"variableValid":false,"variableValue":0},"directionFix":false,"image":{"tileId":0,"characterName":"Student1","direction":2,"pattern":1,"characterIndex":0},"list":[{"code":0,"indent":0,"parameters":[]}],"moveFrequency":3,"moveRoute":{"list":[{"code":0,"parameters":[]}],"repeat":true,"skippable":false,"wait":false},"moveSpeed":3,"moveType":0,"priorityType":1,"stepAnime":false,"through":false,"trigger":4,"walkAnime":true},{"conditions":{"actorId":1,"actorValid":false,"itemId":1,"itemValid":false,"selfSwitchCh":"A","selfSwitchValid":true,"switch1Id":1,"switch1Valid":false,"switch2Id":1,"switch2Valid":false,"variableId":1,"variableValid":false,"variableValue":0},"directionFix":false,"image":{"tileId":0,"characterName":"Student1","direction":2,"pattern":1,"characterIndex":0},"list":[{"code":108,"indent":0,"parameters":["--- Traffic Collision Check ---"]},{"code":122,"indent":0,"parameters":[44,44,0,3,5,-1,0]},{"code":122,"indent":0,"parameters":[45,45,0,3,5,-1,1]},{"code":122,"indent":0,"parameters":[193,193,0,3,5,0,0]},{"code":122,"indent":0,"parameters":[194,194,0,3,5,0,1]},{"code":111,"indent":0,"parameters":[1,44,1,193,5]},{"code":115,"indent":1,"parameters":[]},{"code":0,"indent":1,"parameters":[]},{"code":412,"indent":0,"parameters":[]},{"code":111,"indent":0,"parameters":[1,45,1,194,5]},{"code":115,"indent":1,"parameters":[]},{"code":0,"indent":1,"parameters":[]},{"code":412,"indent":0,"parameters":[]},{"code":108,"indent":0,"parameters":["--- Traffic Collision Check End ---"]},{"code":0,"indent":0,"parameters":[]}],"moveFrequency":3,"moveRoute":{"list":[{"code":0,"parameters":[]}],"repeat":true,"skippable":false,"wait":false},"moveSpeed":3,"moveType":0,"priorityType":1,"stepAnime":false,"through":false,"trigger":2,"walkAnime":true}],"x":1,"y":1},
{"id":2,"name":"Student2","note":"","pages":[{"conditions":{"actorId":1,"actorValid":false,"itemId":1,"itemValid":false,"selfSwitchCh":"A","selfSwitchValid":false,"switch1Id":1,"switch1Valid":false,"switch2Id":1,"switch2Valid":false,"variableId":1,"variableValid":false,"variableValue":0},"directionFix":false,"image":{"tileId":0,"characterName":"Student2","direction":2,"pattern":1,"characterIndex":0},"list":[{"code":0,"indent":0,"parameters":[]}],"moveFrequency":3,"moveRoute":{"list":[{"code":0,"parameters":[]}],"repeat":true,"skippable":false,"wait":false},"moveSpeed":3,"moveType":0,"priorityType":1,"stepAnime":false,"through":false,"trigger":4,"walkAnime":true},{"conditions":{"actorId":1,"actorValid":false,"itemId":1,"itemValid":false,"selfSwitchCh":"A","selfSwitchValid":true,"switch1Id":1,"switch1Valid":false,"switch2Id":1,"switch2Valid":false,"variableId":1,"variableValid":false,"variableValue":0},"directionFix":false,"image":{"tileId":0,"characterName":"Student2","direction":2,"pattern":1,"characterIndex":0},"list":[{"code":108,"indent":0,"parameters":["--- Traffic Collision Check ---"]},{"code":122,"indent":0,"parameters":[44,44,0,3,5,-1,0]},{"code":122,"indent":0,"parameters":[45,45,0,3,5,-1,1]},{"code":122,"indent":0,"parameters":[193,193,0,3,5,0,0]},{"code":122,"indent":0,"parameters":[194,194,0,3,5,0,1]},{"code":111,"indent":0,"parameters":[1,44,1,193,5]},{"code":115,"indent":1,"parameters":[]},{"code":0,"indent":1,"parameters":[]},{"code":412,"indent":0,"parameters":[]},{"code":111,"indent":0,"parameters":[1,45,1,194,5]},{"code":115,"indent":1,"parameters":[]},{"code":0,"indent":1,"parameters":[]},{"code":412,"indent":0,"parameters":[]},{"code":108,"indent":0,"parameters":["--- Traffic Collision Check End ---"]},{"code":0,"indent":0,"parameters":[]}],"moveFrequency":3,"moveRoute":{"list":[{"code":0,"parameters":[]}],"repeat":true,"skippable":false,"wait":false},"moveSpeed":3,"moveType":0,"priorityType":1,"stepAnime":false,"through":false,"trigger":2,"walkAnime":true}],"x":2,"y":1},
{"id":3,"name":"Student3","note":"","pages":[{"conditions":{"actorId":1,"actorValid":false,"itemId":1,"itemValid":false,"selfSwitchCh":"A","selfSwitchValid":false,"switch1Id":1,"switch1Valid":false,"switch2Id":1,"switch2Valid":false,"variableId":1,"variableValid":false,"variableValue":0},"directionFix":false,"image":{"tileId":0,"characterName":"Student3","direction":2,"pattern":1,"characterIndex":0},"list":[{"code":122,"indent":0,"parameters":[197,197,0,4,"this._eventId"]},{"code":122,"indent":0,"parameters":[198,198,0,0,371]},{"code":121,"indent":0,"parameters":[132,132,0]},{"code":0,"indent":0,"parameters":[]}],"moveFrequency":3,"moveRoute":{"list":[{"code":0,"parameters":[]}],"repeat":true,"skippable":false,"wait":false},"moveSpeed":3,"moveType":0,"priorityType":1,"stepAnime":false,"through":false,"trigger":4,"walkAnime":true},{"conditions":{"actorId":1,"actorValid":false,"itemId":1,"itemValid":false,"selfSwitchCh":"A","selfSwitchValid":true,"switch1Id":1,"switch1Valid":false,"switch2Id":1,"switch2Valid":false,"variableId":1,"variableValid":false,"variableValue":0},"directionFix":false,"image":{"tileId":0,"characterName":"Student3","direction":2,"pattern":1,"characterIndex":0},"list":[{"code":108,"indent":0,"parameters":["--- Traffic Collision Check ---"]},{"code":122,"indent":0,"parameters":[44,44,0,3,5,-1,0]},{"code":122,"indent":0,"parameters":[45,45,0,3,5,-1,1]},{"code":122,"indent":0,"parameters":[193,193,0,3,5,0,0]},{"code":122,"indent":0,"parameters":[194,194,0,3,5,0,1]},{"code":111,"indent":0,"parameters":[1,44,1,193,5]},{"code":115,"indent":1,"parameters":[]},{"code":0,"indent":1,"parameters":[]},{"code":412,"indent":0,"parameters":[]},{"code":111,"indent":0,"parameters":[1,45,1,194,5]},{"code":115,"indent":1,"parameters":[]},{"code":0,"indent":1,"parameters":[]},{"code":412,"indent":0,"parameters":[]},{"code":108,"indent":0,"parameters":["--- Traffic Collision Check End ---"]},{"code":117,"indent":0,"parameters":[166]},{"code":0,"indent":0,"parameters":[]}],"moveFrequency":2,"moveRoute":{"list":[{"code":0,"parameters":[]}],"repeat":true,"skippable":false,"wait":false},"moveSpeed":3,"moveType":0,"priorityType":1,"stepAnime":false,"through":false,"trigger":2,"walkAnime":true}],"x":3,"y":1},
{"id":4,"name":"Student4","note":"","pages":[{"conditions":{"actorId":1,"actorValid":false,"itemId":1,"itemValid":false,"selfSwitchCh":"A","selfSwitchValid":false,"switch1Id":1,"switch1Valid":false,"switch2Id":1,"switch2Valid":false,"variableId":1,"variableValid":false,"variableValue":0},"directionFix":false,"image":{"tileId":0,"characterName":"Student4","direction":2,"pattern":1,"characterIndex":0},"list":[{"code":122,"indent":0,"parameters":[197,197,0,4,"this._eventId"]},{"code":122,"indent":0,"parameters":[198,198,0,0,353]},{"code":121,"indent":0,"parameters":[132,132,0]},{"code":0,"indent":0,"parameters":[]}],"moveFrequency":3,"moveRoute":{"list":[{"code":0,"parameters":[]}],"repeat":true,"skippable":false,"wait":false},"moveSpeed":3,"moveType":0,"priorityType":1,"stepAnime":false,"through":false,"trigger":4,"walkAnime":true},{"conditions":{"actorId":1,"actorValid":false,"itemId":1,"itemValid":false,"selfSwitchCh":"A","selfSwitchValid":true,"switch1Id":1,"switch1Valid":false,"switch2Id":1,"switch2Valid":false,"variableId":1,"variableValid":false,"variableValue":0},"directionFix":false,"image":{"tileId":0,"characterName":"Student4","direction":2,"pattern":1,"characterIndex":0},"list":[{"code":108,"indent":0,"parameters":["--- Traffic Collision Check ---"]},{"code":122,"indent":0,"parameters":[44,44,0,3,5,-1,0]},{"code":122,"indent":0,"parameters":[45,45,0,3,5,-1,1]},{"code":122,"indent":0,"parameters":[193,193,0,3,5,0,0]},{"code":122,"indent":0,"parameters":[194,194,0,3,5,0,1]},{"code":111,"indent":0,"parameters":[1,44,1,193,5]},{"code":115,"indent":1,"parameters":[]},{"code":0,"indent":1,"parameters":[]},{"code":412,"indent":0,"parameters":[]},{"code":111,"indent":0,"parameters":[1,45,1,194,5]},{"code":115,"indent":1,"parameters":[]},{"code":0,"indent":1,"parameters":[]},{"code":412,"indent":0,"parameters":[]},{"code":108,"indent":0,"parameters":["--- Traffic Collision Check End ---"]},{"code":117,"indent":0,"parameters":[168]},{"code":0,"indent":0,"parameters":[]}],"moveFrequency":2,"moveRoute":{"list":[{"code":0,"parameters":[]}],"repeat":true,"skippable":false,"wait":false},"moveSpeed":4,"moveType":0,"priorityType":1,"stepAnime":false,"through":false,"trigger":2,"walkAnime":true}],"x":4,"y":1},
{"id":5,"name":"Student5","note":"","pages":[{"conditions":{"actorId":1,"actorValid":false,"itemId":1,"itemValid":false,"selfSwitchCh":"A","selfSwitchValid":false,"switch1Id":1,"switch1Valid":false,"switch2Id":1,"switch2Valid":false,"variableId":1,"variableValid":false,"variableValue":0},"directionFix":false,"image":{"tileId":0,"characterName":"Student5","direction":2,"pattern":1,"characterIndex":0},"list":[{"code":122,"indent":0,"parameters":[197,197,0,4,"this._eventId"]},{"code":122,"indent":0,"parameters":[198,198,0,0,330]},{"code":121,"indent":0,"parameters":[132,132,0]},{"code":0,"indent":0,"parameters":[]}],"moveFrequency":3,"moveRoute":{"list":[{"code":0,"parameters":[]}],"repeat":true,"skippable":false,"wait":false},"moveSpeed":3,"moveType":0,"priorityType":1,"stepAnime":false,"through":false,"trigger":4,"walkAnime":true},{"conditions":{"actorId":1,"actorValid":false,"itemId":1,"itemValid":false,"selfSwitchCh":"A","selfSwitchValid":true,"switch1Id":1,"switch1Valid":false,"switch2Id":1,"switch2Valid":false,"variableId":1,"variableValid":false,"variableValue":0},"directionFix":false,"image":{"tileId":0,"characterName":"Student5","direction":2,"pattern":1,"characterIndex":0},"list":[{"code":108,"indent":0,"parameters":["--- Traffic Collision Check ---"]},{"code":122,"indent":0,"parameters":[44,44,0,3,5,-1,0]},{"code":122,"indent":0,"parameters":[45,45,0,3,5,-1,1]},{"code":122,"indent":0,"parameters":[193,193,0,3,5,0,0]},{"code":122,"indent":0,"parameters":[194,194,0,3,5,0,1]},{"code":111,"indent":0,"parameters":[1,44,1,193,5]},{"code":115,"indent":1,"parameters":[]},{"code":0,"indent":1,"parameters":[]},{"code":412,"indent":0,"parameters":[]},{"code":111,"indent":0,"parameters":[1,45,1,194,5]},{"code":115,"indent":1,"parameters":[]},{"code":0,"indent":1,"parameters":[]},{"code":412,"indent":0,"parameters":[]},{"code":108,"indent":0,"parameters":["--- Traffic Collision Check End ---"]},{"code":117,"indent":0,"parameters":[167]},{"code":0,"indent":0,"parameters":[]}],"moveFrequency":2,"moveRoute":{"list":[{"code":0,"parameters":[]}],"repeat":true,"skippable":false,"wait":false},"moveSpeed":3,"moveType":0,"priorityType":1,"stepAnime":false,"through":false,"trigger":2,"walkAnime":true}],"x":5,"y":1},
{"id":6,"name":"Student6","note":"","pages":[{"conditions":{"actorId":1,"actorValid":false,"itemId":1,"itemValid":false,"selfSwitchCh":"A","selfSwitchValid":false,"switch1Id":1,"switch1Valid":false,"switch2Id":1,"switch2Valid":false,"variableId":1,"variableValid":false,"variableValue":0},"directionFix":false,"image":{"tileId":0,"characterName":"Student6","direction":2,"pattern":1,"characterIndex":0},"list":[{"code":122,"indent":0,"parameters":[197,197,0,4,"this._eventId"]},{"code":122,"indent":0,"parameters":[198,198,0,0,340]},{"code":121,"indent":0,"parameters":[132,132,0]},{"code":0,"indent":0,"parameters":[]}],"moveFrequency":3,"moveRoute":{"list":[{"code":0,"parameters":[]}],"repeat":true,"skippable":false,"wait":false},"moveSpeed":3,"moveType":0,"priorityType":1,"stepAnime":false,"through":false,"trigger":4,"walkAnime":true},{"conditions":{"actorId":1,"actorValid":false,"itemId":1,"itemValid":false,"selfSwitchCh":"A","selfSwitchValid":true,"switch1Id":1,"switch1Valid":false,"switch2Id":1,"switch2Valid":false,"variableId":1,"variableValid":false,"variableValue":0},"directionFix":false,"image":{"tileId":0,"characterName":"Student6","direction":2,"pattern":1,"characterIndex":0},"list":[{"code":108,"indent":0,"parameters":["--- Traffic Collision Check ---"]},{"code":122,"indent":0,"parameters":[44,44,0,3,5,-1,0]},{"code":122,"indent":0,"parameters":[45,45,0,3,5,-1,1]},{"code":122,"indent":0,"parameters":[193,193,0,3,5,0,0]},{"code":122,"indent":0,"parameters":[194,194,0,3,5,0,1]},{"code":111,"indent":0,"parameters":[1,44,1,193,5]},{"code":115,"indent":1,"parameters":[]},{"code":0,"indent":1,"parameters":[]},{"code":412,"indent":0,"parameters":[]},{"code":111,"indent":0,"parameters":[1,45,1,194,5]},{"code":115,"indent":1,"parameters":[]},{"code":0,"indent":1,"parameters":[]},{"code":412,"indent":0,"parameters":[]},{"code":108,"indent":0,"parameters":["--- Traffic Collision Check End ---"]},{"code":117,"indent":0,"parameters":[166]},{"code":0,"indent":0,"parameters":[]}],"moveFrequency":2,"moveRoute":{"list":[{"code":0,"parameters":[]}],"repeat":true,"skippable":false,"wait":false},"moveSpeed":4,"moveType":0,"priorityType":1,"stepAnime":false,"through":false,"trigger":2,"walkAnime":true}],"x":6,"y":1},
{"id":7,"name":"Student7","note":"","pages":[{"conditions":{"actorId":1,"actorValid":false,"itemId":1,"itemValid":false,"selfSwitchCh":"A","selfSwitchValid":false,"switch1Id":1,"switch1Valid":false,"switch2Id":1,"switch2Valid":false,"variableId":1,"variableValid":false,"variableValue":0},"directionFix":false,"image":{"tileId":0,"characterName":"Student7","direction":2,"pattern":1,"characterIndex":0},"list":[{"code":122,"indent":0,"parameters":[197,197,0,4,"this._eventId"]},{"code":122,"indent":0,"parameters":[198,198,0,0,330]},{"code":121,"indent":0,"parameters":[132,132,0]},{"code":0,"indent":0,"parameters":[]}],"moveFrequency":3,"moveRoute":{"list":[{"code":0,"parameters":[]}],"repeat":true,"skippable":false,"wait":false},"moveSpeed":3,"moveType":0,"priorityType":1,"stepAnime":false,"through":false,"trigger":4,"walkAnime":true},{"conditions":{"actorId":1,"actorValid":false,"itemId":1,"itemValid":false,"selfSwitchCh":"A","selfSwitchValid":true,"switch1Id":1,"switch1Valid":false,"switch2Id":1,"switch2Valid":false,"variableId":1,"variableValid":false,"variableValue":0},"directionFix":false,"image":{"tileId":0,"characterName":"Student7","direction":2,"pattern":1,"characterIndex":0},"list":[{"code":108,"indent":0,"parameters":["--- Traffic Collision Check ---"]},{"code":122,"indent":0,"parameters":[44,44,0,3,5,-1,0]},{"code":122,"indent":0,"parameters":[45,45,0,3,5,-1,1]},{"code":122,"indent":0,"parameters":[193,193,0,3,5,0,0]},{"code":122,"indent":0,"parameters":[194,194,0,3,5,0,1]},{"code":111,"indent":0,"parameters":[1,44,1,193,5]},{"code":115,"indent":1,"parameters":[]},{"code":0,"indent":1,"parameters":[]},{"code":412,"indent":0,"parameters":[]},{"code":111,"indent":0,"parameters":[1,45,1,194,5]},{"code":115,"indent":1,"parameters":[]},{"code":0,"indent":1,"parameters":[]},{"code":412,"indent":0,"parameters":[]},{"code":108,"indent":0,"parameters":["--- Traffic Collision Check End ---"]},{"code":117,"indent":0,"parameters":[166]},{"code":0,"indent":0,"parameters":[]}],"moveFrequency":2,"moveRoute":{"list":[{"code":0,"parameters":[]}],"repeat":true,"skippable":false,"wait":false},"moveSpeed":3,"moveType":0,"priorityType":1,"stepAnime":false,"through":false,"trigger":2,"walkAnime":true}],"x":7,"y":1},
{"id":8,"name":"Student8","note":"","pages":[{"conditions":{"actorId":1,"actorValid":false,"itemId":1,"itemValid":false,"selfSwitchCh":"A","selfSwitchValid":false,"switch1Id":1,"switch1Valid":false,"switch2Id":1,"switch2Valid":false,"variableId":1,"variableValid":false,"variableValue":0},"directionFix":false,"image":{"tileId":0,"characterName":"Student8","direction":2,"pattern":1,"characterIndex":0},"list":[{"code":122,"indent":0,"parameters":[197,197,0,4,"this._eventId"]},{"code":122,"indent":0,"parameters":[198,198,0,0,363]},{"code":121,"indent":0,"parameters":[132,132,0]},{"code":0,"indent":0,"parameters":[]}],"moveFrequency":3,"moveRoute":{"list":[{"code":0,"parameters":[]}],"repeat":true,"skippable":false,"wait":false},"moveSpeed":3,"moveType":0,"priorityType":1,"stepAnime":false,"through":false,"trigger":4,"walkAnime":true},{"conditions":{"actorId":1,"actorValid":false,"itemId":1,"itemValid":false,"selfSwitchCh":"A","selfSwitchValid":true,"switch1Id":1,"switch1Valid":false,"switch2Id":1,"switch2Valid":false,"variableId":1,"variableValid":false,"variableValue":0},"directionFix":false,"image":{"tileId":0,"characterName":"Student8","direction":2,"pattern":1,"characterIndex":0},"list":[{"code":108,"indent":0,"parameters":["--- Traffic Collision Check ---"]},{"code":122,"indent":0,"parameters":[44,44,0,3,5,-1,0]},{"code":122,"indent":0,"parameters":[45,45,0,3,5,-1,1]},{"code":122,"indent":0,"parameters":[193,193,0,3,5,0,0]},{"code":122,"indent":0,"parameters":[194,194,0,3,5,0,1]},{"code":111,"indent":0,"parameters":[1,44,1,193,5]},{"code":115,"indent":1,"parameters":[]},{"code":0,"indent":1,"parameters":[]},{"code":412,"indent":0,"parameters":[]},{"code":111,"indent":0,"parameters":[1,45,1,194,5]},{"code":115,"indent":1,"parameters":[]},{"code":0,"indent":1,"parameters":[]},{"code":412,"indent":0,"parameters":[]},{"code":108,"indent":0,"parameters":["--- Traffic Collision Check End ---"]},{"code":117,"indent":0,"parameters":[167]},{"code":0,"indent":0,"parameters":[]}],"moveFrequency":2,"moveRoute":{"list":[{"code":0,"parameters":[]}],"repeat":true,"skippable":false,"wait":false},"moveSpeed":4,"moveType":0,"priorityType":1,"stepAnime":false,"through":false,"trigger":2,"walkAnime":true}],"x":8,"y":1},
{"id":9,"name":"Student9","note":"","pages":[{"conditions":{"actorId":1,"actorValid":false,"itemId":1,"itemValid":false,"selfSwitchCh":"A","selfSwitchValid":false,"switch1Id":1,"switch1Valid":false,"switch2Id":1,"switch2Valid":false,"variableId":1,"variableValid":false,"variableValue":0},"directionFix":false,"image":{"tileId":0,"characterName":"Student9","direction":2,"pattern":1,"characterIndex":0},"list":[{"code":122,"indent":0,"parameters":[197,197,0,4,"this._eventId"]},{"code":122,"indent":0,"parameters":[198,198,0,0,350]},{"code":121,"indent":0,"parameters":[132,132,0]},{"code":0,"indent":0,"parameters":[]}],"moveFrequency":3,"moveRoute":{"list":[{"code":0,"parameters":[]}],"repeat":true,"skippable":false,"wait":false},"moveSpeed":3,"moveType":0,"priorityType":1,"stepAnime":false,"through":false,"trigger":4,"walkAnime":true},{"conditions":{"actorId":1,"actorValid":false,"itemId":1,"itemValid":false,"selfSwitchCh":"A","selfSwitchValid":true,"switch1Id":1,"switch1Valid":false,"switch2Id":1,"switch2Valid":false,"variableId":1,"variableValid":false,"variableValue":0},"directionFix":false,"image":{"tileId":0,"characterName":"Student9","direction":2,"pattern":1,"characterIndex":0},"list":[{"code":108,"indent":0,"parameters":["--- Traffic Collision Check ---"]},{"code":122,"indent":0,"parameters":[44,44,0,3,5,-1,0]},{"code":122,"indent":0,"parameters":[45,45,0,3,5,-1,1]},{"code":122,"indent":0,"parameters":[193,193,0,3,5,0,0]},{"code":122,"indent":0,"parameters":[194,194,0,3,5,0,1]},{"code":111,"indent":0,"parameters":[1,44,1,193,5]},{"code":115,"indent":1,"parameters":[]},{"code":0,"indent":1,"parameters":[]},{"code":412,"indent":0,"parameters":[]},{"code":111,"indent":0,"parameters":[1,45,1,194,5]},{"code":115,"indent":1,"parameters":[]},{"code":0,"indent":1,"parameters":[]},{"code":412,"indent":0,"parameters":[]},{"code":108,"indent":0,"parameters":["--- Traffic Collision Check End ---"]},{"code":117,"indent":0,"parameters":[171]},{"code":0,"indent":0,"parameters":[]}],"moveFrequency":2,"moveRoute":{"list":[{"code":0,"parameters":[]}],"repeat":true,"skippable":false,"wait":false},"moveSpeed":3,"moveType":0,"priorityType":1,"stepAnime":false,"through":false,"trigger":2,"walkAnime":true}],"x":9,"y":1},
{"id":10,"name":"Student10","note":"","pages":[{"conditions":{"actorId":1,"actorValid":false,"itemId":1,"itemValid":false,"selfSwitchCh":"A","selfSwitchValid":false,"switch1Id":1,"switch1Valid":false,"switch2Id":1,"switch2Valid":false,"variableId":1,"variableValid":false,"variableValue":0},"directionFix":false,"image":{"tileId":0,"characterName":"Student10","direction":2,"pattern":1,"characterIndex":0},"list":[{"code":122,"indent":0,"parameters":[197,197,0,4,"this._eventId"]},{"code":122,"indent":0,"parameters":[198,198,0,0,380]},{"code":121,"indent":0,"parameters":[132,132,0]},{"code":0,"indent":0,"parameters":[]}],"moveFrequency":3,"moveRoute":{"list":[{"code":0,"parameters":[]}],"repeat":true,"skippable":false,"wait":false},"moveSpeed":3,"moveType":0,"priorityType":1,"stepAnime":false,"through":false,"trigger":4,"walkAnime":true},{"conditions":{"actorId":1,"actorValid":false,"itemId":1,"itemValid":false,"selfSwitchCh":"A","selfSwitchValid":true,"switch1Id":1,"switch1Valid":false,"switch2Id":1,"switch2Valid":false,"variableId":1,"variableValid":false,"variableValue":0},"directionFix":false,"image":{"tileId":0,"characterName":"Student10","direction":2,"pattern":1,"characterIndex":0},"list":[{"code":108,"indent":0,"parameters":["--- Traffic Collision Check ---"]},{"code":122,"indent":0,"parameters":[44,44,0,3,5,-1,0]},{"code":122,"indent":0,"parameters":[45,45,0,3,5,-1,1]},{"code":122,"indent":0,"parameters":[193,193,0,3,5,0,0]},{"code":122,"indent":0,"parameters":[194,194,0,3,5,0,1]},{"code":111,"indent":0,"parameters":[1,44,1,193,5]},{"code":115,"indent":1,"parameters":[]},{"code":0,"indent":1,"parameters":[]},{"code":412,"indent":0,"parameters":[]},{"code":111,"indent":0,"parameters":[1,45,1,194,5]},{"code":115,"indent":1,"parameters":[]},{"code":0,"indent":1,"parameters":[]},{"code":412,"indent":0,"parameters":[]},{"code":108,"indent":0,"parameters":["--- Traffic Collision Check End ---"]},{"code":117,"indent":0,"parameters":[171]},{"code":0,"indent":0,"parameters":[]}],"moveFrequency":2,"moveRoute":{"list":[{"code":0,"parameters":[]}],"repeat":true,"skippable":false,"wait":false},"moveSpeed":4,"moveType":0,"priorityType":1,"stepAnime":false,"through":false,"trigger":2,"walkAnime":true}],"x":10,"y":1},
{"id":11,"name":"Student11","note":"","pages":[{"conditions":{"actorId":1,"actorValid":false,"itemId":1,"itemValid":false,"selfSwitchCh":"A","selfSwitchValid":false,"switch1Id":1,"switch1Valid":false,"switch2Id":1,"switch2Valid":false,"variableId":1,"variableValid":false,"variableValue":0},"directionFix":false,"image":{"tileId":0,"characterName":"Student11","direction":2,"pattern":1,"characterIndex":0},"list":[{"code":122,"indent":0,"parameters":[197,197,0,4,"this._eventId"]},{"code":122,"indent":0,"parameters":[198,198,0,0,364]},{"code":121,"indent":0,"parameters":[132,132,0]},{"code":0,"indent":0,"parameters":[]}],"moveFrequency":3,"moveRoute":{"list":[{"code":0,"parameters":[]}],"repeat":true,"skippable":false,"wait":false},"moveSpeed":3,"moveType":0,"priorityType":1,"stepAnime":false,"through":false,"trigger":4,"walkAnime":true},{"conditions":{"actorId":1,"actorValid":false,"itemId":1,"itemValid":false,"selfSwitchCh":"A","selfSwitchValid":true,"switch1Id":1,"switch1Valid":false,"switch2Id":1,"switch2Valid":false,"variableId":1,"variableValid":false,"variableValue":0},"directionFix":false,"image":{"tileId":0,"characterName":"Student11","direction":2,"pattern":1,"characterIndex":0},"list":[{"code":108,"indent":0,"parameters":["--- Traffic Collision Check ---"]},{"code":122,"indent":0,"parameters":[44,44,0,3,5,-1,0]},{"code":122,"indent":0,"parameters":[45,45,0,3,5,-1,1]},{"code":122,"indent":0,"parameters":[193,193,0,3,5,0,0]},{"code":122,"indent":0,"parameters":[194,194,0,3,5,0,1]},{"code":111,"indent":0,"parameters":[1,44,1,193,5]},{"code":115,"indent":1,"parameters":[]},{"code":0,"indent":1,"parameters":[]},{"code":412,"indent":0,"parameters":[]},{"code":111,"indent":0,"parameters":[1,45,1,194,5]},{"code":115,"indent":1,"parameters":[]},{"code":0,"indent":1,"parameters":[]},{"code":412,"indent":0,"parameters":[]},{"code":108,"indent":0,"parameters":["--- Traffic Collision Check End ---"]},{"code":117,"indent":0,"parameters":[171]},{"code":0,"indent":0,"parameters":[]}],"moveFrequency":2,"moveRoute":{"list":[{"code":0,"parameters":[]}],"repeat":true,"skippable":false,"wait":false},"moveSpeed":3,"moveType":0,"priorityType":1,"stepAnime":false,"through":false,"trigger":2,"walkAnime":true}],"x":11,"y":1},
{"id":12,"name":"Student12","note":"","pages":[{"conditions":{"actorId":1,"actorValid":false,"itemId":1,"itemValid":false,"selfSwitchCh":"A","selfSwitchValid":false,"switch1Id":1,"switch1Valid":false,"switch2Id":1,"switch2Valid":false,"variableId":1,"variableValid":false,"variableValue":0},"directionFix":false,"image":{"tileId":0,"characterName":"Student12","direction":2,"pattern":1,"characterIndex":0},"list":[{"code":122,"indent":0,"parameters":[197,197,0,4,"this._eventId"]},{"code":122,"indent":0,"parameters":[198,198,0,0,335]},{"code":121,"indent":0,"parameters":[132,132,0]},{"code":0,"indent":0,"parameters":[]}],"moveFrequency":3,"moveRoute":{"list":[{"code":0,"parameters":[]}],"repeat":true,"skippable":false,"wait":false},"moveSpeed":3,"moveType":0,"priorityType":1,"stepAnime":false,"through":false,"trigger":4,"walkAnime":true},{"conditions":{"actorId":1,"actorValid":false,"itemId":1,"itemValid":false,"selfSwitchCh":"A","selfSwitchValid":true,"switch1Id":1,"switch1Valid":false,"switch2Id":1,"switch2Valid":false,"variableId":1,"variableValid":false,"variableValue":0},"directionFix":false,"image":{"tileId":0,"characterName":"Student12","direction":2,"pattern":1,"characterIndex":0},"list":[{"code":108,"indent":0,"parameters":["--- Traffic Collision Check ---"]},{"code":122,"indent":0,"parameters":[44,44,0,3,5,-1,0]},{"code":122,"indent":0,"parameters":[45,45,0,3,5,-1,1]},{"code":122,"indent":0,"parameters":[193,193,0,3,5,0,0]},{"code":122,"indent":0,"parameters":[194,194,0,3,5,0,1]},{"code":111,"indent":0,"parameters":[1,44,1,193,5]},{"code":115,"indent":1,"parameters":[]},{"code":0,"indent":1,"parameters":[]},{"code":412,"indent":0,"parameters":[]},{"code":111,"indent":0,"parameters":[1,45,1,194,5]},{"code":115,"indent":1,"parameters":[]},{"code":0,"indent":1,"parameters":[]},{"code":412,"indent":0,"parameters":[]},{"code":108,"indent":0,"parameters":["--- Traffic Collision Check End ---"]},{"code":117,"indent":0,"parameters":[166]},{"code":0,"indent":0,"parameters":[]}],"moveFrequency":2,"moveRoute":{"list":[{"code":0,"parameters":[]}],"repeat":true,"skippable":false,"wait":false},"moveSpeed":4,"moveType":0,"priorityType":1,"stepAnime":false,"through":false,"trigger":2,"walkAnime":true}],"x":12,"y":1},
{"id":13,"name":"Student13","note":"","pages":[{"conditions":{"actorId":1,"actorValid":false,"itemId":1,"itemValid":false,"selfSwitchCh":"A","selfSwitchValid":false,"switch1Id":1,"switch1Valid":false,"switch2Id":1,"switch2Valid":false,"variableId":1,"variableValid":false,"variableValue":0},"directionFix":false,"image":{"tileId":0,"characterName":"Student13","direction":2,"pattern":1,"characterIndex":0},"list":[{"code":122,"indent":0,"parameters":[197,197,0,4,"this._eventId"]},{"code":122,"indent":0,"parameters":[198,198,0,0,366]},{"code":121,"indent":0,"parameters":[132,132,0]},{"code":0,"indent":0,"parameters":[]}],"moveFrequency":3,"moveRoute":{"list":[{"code":0,"parameters":[]}],"repeat":true,"skippable":false,"wait":false},"moveSpeed":3,"moveType":0,"priorityType":1,"stepAnime":false,"through":false,"trigger":4,"walkAnime":true},{"conditions":{"actorId":1,"actorValid":false,"itemId":1,"itemValid":false,"selfSwitchCh":"A","selfSwitchValid":true,"switch1Id":1,"switch1Valid":false,"switch2Id":1,"switch2Valid":false,"variableId":1,"variableValid":false,"variableValue":0},"directionFix":false,"image":{"tileId":0,"characterName":"Student13","direction":2,"pattern":1,"characterIndex":0},"list":[{"code":108,"indent":0,"parameters":["--- Traffic Collision Check ---"]},{"code":122,"indent":0,"parameters":[44,44,0,3,5,-1,0]},{"code":122,"indent":0,"parameters":[45,45,0,3,5,-1,1]},{"code":122,"indent":0,"parameters":[193,193,0,3,5,0,0]},{"code":122,"indent":0,"parameters":[194,194,0,3,5,0,1]},{"code":111,"indent":0,"parameters":[1,44,1,193,5]},{"code":115,"indent":1,"parameters":[]},{"code":0,"indent":1,"parameters":[]},{"code":412,"indent":0,"parameters":[]},{"code":111,"indent":0,"parameters":[1,45,1,194,5]},{"code":115,"indent":1,"parameters":[]},{"code":0,"indent":1,"parameters":[]},{"code":412,"indent":0,"parameters":[]},{"code":108,"indent":0,"parameters":["--- Traffic Collision Check End ---"]},{"code":117,"indent":0,"parameters":[166]},{"code":0,"indent":0,"parameters":[]}],"moveFrequency":2,"moveRoute":{"list":[{"code":0,"parameters":[]}],"repeat":true,"skippable":false,"wait":false},"moveSpeed":3,"moveType":0,"priorityType":1,"stepAnime":false,"through":false,"trigger":2,"walkAnime":true}],"x":13,"y":1},
{"id":14,"name":"Student14","note":"","pages":[{"conditions":{"actorId":1,"actorValid":false,"itemId":1,"itemValid":false,"selfSwitchCh":"A","selfSwitchValid":false,"switch1Id":1,"switch1Valid":false,"switch2Id":1,"switch2Valid":false,"variableId":1,"variableValid":false,"variableValue":0},"directionFix":false,"image":{"tileId":0,"characterName":"Student14","direction":2,"pattern":1,"characterIndex":0},"list":[{"code":122,"indent":0,"parameters":[197,197,0,4,"this._eventId"]},{"code":122,"indent":0,"parameters":[198,198,0,0,345]},{"code":121,"indent":0,"parameters":[132,132,0]},{"code":0,"indent":0,"parameters":[]}],"moveFrequency":3,"moveRoute":{"list":[{"code":0,"parameters":[]}],"repeat":true,"skippable":false,"wait":false},"moveSpeed":3,"moveType":0,"priorityType":1,"stepAnime":false,"through":false,"trigger":4,"walkAnime":true},{"conditions":{"actorId":1,"actorValid":false,"itemId":1,"itemValid":false,"selfSwitchCh":"A","selfSwitchValid":true,"switch1Id":1,"switch1Valid":false,"switch2Id":1,"switch2Valid":false,"variableId":1,"variableValid":false,"variableValue":0},"directionFix":false,"image":{"tileId":0,"characterName":"Student14","direction":2,"pattern":1,"characterIndex":0},"list":[{"code":108,"indent":0,"parameters":["--- Traffic Collision Check ---"]},{"code":122,"indent":0,"parameters":[44,44,0,3,5,-1,0]},{"code":122,"indent":0,"parameters":[45,45,0,3,5,-1,1]},{"code":122,"indent":0,"parameters":[193,193,0,3,5,0,0]},{"code":122,"indent":0,"parameters":[194,194,0,3,5,0,1]},{"code":111,"indent":0,"parameters":[1,44,1,193,5]},{"code":115,"indent":1,"parameters":[]},{"code":0,"indent":1,"parameters":[]},{"code":412,"indent":0,"parameters":[]},{"code":111,"indent":0,"parameters":[1,45,1,194,5]},{"code":115,"indent":1,"parameters":[]},{"code":0,"indent":1,"parameters":[]},{"code":412,"indent":0,"parameters":[]},{"code":108,"indent":0,"parameters":["--- Traffic Collision Check End ---"]},{"code":117,"indent":0,"parameters":[168]},{"code":0,"indent":0,"parameters":[]}],"moveFrequency":2,"moveRoute":{"list":[{"code":0,"parameters":[]}],"repeat":true,"skippable":false,"wait":false},"moveSpeed":4,"moveType":0,"priorityType":1,"stepAnime":false,"through":false,"trigger":2,"walkAnime":true}],"x":14,"y":1},
{"id":15,"name":"Student15","note":"","pages":[{"conditions":{"actorId":1,"actorValid":false,"itemId":1,"itemValid":false,"selfSwitchCh":"A","selfSwitchValid":false,"switch1Id":1,"switch1Valid":false,"switch2Id":1,"switch2Valid":false,"variableId":1,"variableValid":false,"variableValue":0},"directionFix":false,"image":{"tileId":0,"characterName":"Student15","direction":2,"pattern":1,"characterIndex":0},"list":[{"code":122,"indent":0,"parameters":[197,197,0,4,"this._eventId"]},{"code":122,"indent":0,"parameters":[198,198,0,0,350]},{"code":121,"indent":0,"parameters":[132,132,0]},{"code":0,"indent":0,"parameters":[]}],"moveFrequency":3,"moveRoute":{"list":[{"code":0,"parameters":[]}],"repeat":true,"skippable":false,"wait":false},"moveSpeed":3,"moveType":0,"priorityType":1,"stepAnime":false,"through":false,"trigger":4,"walkAnime":true},{"conditions":{"actorId":1,"actorValid":false,"itemId":1,"itemValid":false,"selfSwitchCh":"A","selfSwitchValid":true,"switch1Id":1,"switch1Valid":false,"switch2Id":1,"switch2Valid":false,"variableId":1,"variableValid":false,"variableValue":0},"directionFix":false,"image":{"tileId":0,"characterName":"Student15","direction":2,"pattern":1,"characterIndex":0},"list":[{"code":108,"indent":0,"parameters":["--- Traffic Collision Check ---"]},{"code":122,"indent":0,"parameters":[44,44,0,3,5,-1,0]},{"code":122,"indent":0,"parameters":[45,45,0,3,5,-1,1]},{"code":122,"indent":0,"parameters":[193,193,0,3,5,0,0]},{"code":122,"indent":0,"parameters":[194,194,0,3,5,0,1]},{"code":111,"indent":0,"parameters":[1,44,1,193,5]},{"code":115,"indent":1,"parameters":[]},{"code":0,"indent":1,"parameters":[]},{"code":412,"indent":0,"parameters":[]},{"code":111,"indent":0,"parameters":[1,45,1,194,5]},{"code":115,"indent":1,"parameters":[]},{"code":0,"indent":1,"parameters":[]},{"code":412,"indent":0,"parameters":[]},{"code":108,"indent":0,"parameters":["--- Traffic Collision Check End ---"]},{"code":117,"indent":0,"parameters":[167]},{"code":0,"indent":0,"parameters":[]}],"moveFrequency":2,"moveRoute":{"list":[{"code":0,"parameters":[]}],"repeat":true,"skippable":false,"wait":false},"moveSpeed":3,"moveType":0,"priorityType":1,"stepAnime":false,"through":false,"trigger":2,"walkAnime":true}],"x":15,"y":1},
{"id":16,"name":"Student16","note":"","pages":[{"conditions":{"actorId":1,"actorValid":false,"itemId":1,"itemValid":false,"selfSwitchCh":"A","selfSwitchValid":false,"switch1Id":1,"switch1Valid":false,"switch2Id":1,"switch2Valid":false,"variableId":1,"variableValid":false,"variableValue":0},"directionFix":false,"image":{"tileId":0,"characterName":"Student16","direction":2,"pattern":1,"characterIndex":0},"list":[{"code":122,"indent":0,"parameters":[197,197,0,4,"this._eventId"]},{"code":122,"indent":0,"parameters":[198,198,0,0,348]},{"code":121,"indent":0,"parameters":[132,132,0]},{"code":0,"indent":0,"parameters":[]}],"moveFrequency":3,"moveRoute":{"list":[{"code":0,"parameters":[]}],"repeat":true,"skippable":false,"wait":false},"moveSpeed":3,"moveType":0,"priorityType":1,"stepAnime":false,"through":false,"trigger":4,"walkAnime":true},{"conditions":{"actorId":1,"actorValid":false,"itemId":1,"itemValid":false,"selfSwitchCh":"A","selfSwitchValid":true,"switch1Id":1,"switch1Valid":false,"switch2Id":1,"switch2Valid":false,"variableId":1,"variableValid":false,"variableValue":0},"directionFix":false,"image":{"tileId":0,"characterName":"Student16","direction":2,"pattern":1,"characterIndex":0},"list":[{"code":108,"indent":0,"parameters":["--- Traffic Collision Check ---"]},{"code":122,"indent":0,"parameters":[44,44,0,3,5,-1,0]},{"code":122,"indent":0,"parameters":[45,45,0,3,5,-1,1]},{"code":122,"indent":0,"parameters":[193,193,0,3,5,0,0]},{"code":122,"indent":0,"parameters":[194,194,0,3,5,0,1]},{"code":111,"indent":0,"parameters":[1,44,1,193,5]},{"code":115,"indent":1,"parameters":[]},{"code":0,"indent":1,"parameters":[]},{"code":412,"indent":0,"parameters":[]},{"code":111,"indent":0,"parameters":[1,45,1,194,5]},{"code":115,"indent":1,"parameters":[]},{"code":0,"indent":1,"parameters":[]},{"code":412,"indent":0,"parameters":[]},{"code":108,"indent":0,"parameters":["--- Traffic Collision Check End ---"]},{"code":117,"indent":0,"parameters":[166]},{"code":0,"indent":0,"parameters":[]}],"moveFrequency":2,"moveRoute":{"list":[{"code":0,"parameters":[]}],"repeat":true,"skippable":false,"wait":false},"moveSpeed":4,"moveType":0,"priorityType":1,"stepAnime":false,"through":false,"trigger":2,"walkAnime":true}],"x":1,"y":3},
{"id":17,"name":"Student17","note":"","pages":[{"conditions":{"actorId":1,"actorValid":false,"itemId":1,"itemValid":false,"selfSwitchCh":"A","selfSwitchValid":false,"switch1Id":1,"switch1Valid":false,"switch2Id":1,"switch2Valid":false,"variableId":1,"variableValid":false,"variableValue":0},"directionFix":false,"image":{"tileId":0,"characterName":"Student17","direction":2,"pattern":1,"characterIndex":0},"list":[{"code":122,"indent":0,"parameters":[197,197,0,4,"this._eventId"]},{"code":122,"indent":0,"parameters":[198,198,0,0,362]},{"code":121,"indent":0,"parameters":[132,132,0]},{"code":0,"indent":0,"parameters":[]}],"moveFrequency":3,"moveRoute":{"list":[{"code":0,"parameters":[]}],"repeat":true,"skippable":false,"wait":false},"moveSpeed":3,"moveType":0,"priorityType":1,"stepAnime":false,"through":false,"trigger":4,"walkAnime":true},{"conditions":{"actorId":1,"actorValid":false,"itemId":1,"itemValid":false,"selfSwitchCh":"A","selfSwitchValid":true,"switch1Id":1,"switch1Valid":false,"switch2Id":1,"switch2Valid":false,"variableId":1,"variableValid":false,"variableValue":0},"directionFix":false,"image":{"tileId":0,"characterName":"Student17","direction":2,"pattern":1,"characterIndex":0},"list":[{"code":108,"indent":0,"parameters":["--- Traffic Collision Check ---"]},{"code":122,"indent":0,"parameters":[44,44,0,3,5,-1,0]},{"code":122,"indent":0,"parameters":[45,45,0,3,5,-1,1]},{"code":122,"indent":0,"parameters":[193,193,0,3,5,0,0]},{"code":122,"indent":0,"parameters":[194,194,0,3,5,0,1]},{"code":111,"indent":0,"parameters":[1,44,1,193,5]},{"code":115,"indent":1,"parameters":[]},{"code":0,"indent":1,"parameters":[]},{"code":412,"indent":0,"parameters":[]},{"code":111,"indent":0,"parameters":[1,45,1,194,5]},{"code":115,"indent":1,"parameters":[]},{"code":0,"indent":1,"parameters":[]},{"code":412,"indent":0,"parameters":[]},{"code":108,"indent":0,"parameters":["--- Traffic Collision Check End ---"]},{"code":117,"indent":0,"parameters":[167]},{"code":0,"indent":0,"parameters":[]}],"moveFrequency":2,"moveRoute":{"list":[{"code":0,"parameters":[]}],"repeat":true,"skippable":false,"wait":false},"moveSpeed":3,"moveType":0,"priorityType":1,"stepAnime":false,"through":false,"trigger":2,"walkAnime":true}],"x":2,"y":3},
{"id":18,"name":"Student18","note":"","pages":[{"conditions":{"actorId":1,"actorValid":false,"itemId":1,"itemValid":false,"selfSwitchCh":"A","selfSwitchValid":false,"switch1Id":1,"switch1Valid":false,"switch2Id":1,"switch2Valid":false,"variableId":1,"variableValid":false,"variableValue":0},"directionFix":false,"image":{"tileId":0,"characterName":"Student18","direction":2,"pattern":1,"characterIndex":0},"list":[{"code":122,"indent":0,"parameters":[197,197,0,4,"this._eventId"]},{"code":122,"indent":0,"parameters":[198,198,0,0,354]},{"code":121,"indent":0,"parameters":[132,132,0]},{"code":0,"indent":0,"parameters":[]}],"moveFrequency":3,"moveRoute":{"list":[{"code":0,"parameters":[]}],"repeat":true,"skippable":false,"wait":false},"moveSpeed":3,"moveType":0,"priorityType":1,"stepAnime":false,"through":false,"trigger":4,"walkAnime":true},{"conditions":{"actorId":1,"actorValid":false,"itemId":1,"itemValid":false,"selfSwitchCh":"A","selfSwitchValid":true,"switch1Id":1,"switch1Valid":false,"switch2Id":1,"switch2Valid":false,"variableId":1,"variableValid":false,"variableValue":0},"directionFix":false,"image":{"tileId":0,"characterName":"Student18","direction":2,"pattern":1,"characterIndex":0},"list":[{"code":108,"indent":0,"parameters":["--- Traffic Collision Check ---"]},{"code":122,"indent":0,"parameters":[44,44,0,3,5,-1,0]},{"code":122,"indent":0,"parameters":[45,45,0,3,5,-1,1]},{"code":122,"indent":0,"parameters":[193,193,0,3,5,0,0]},{"code":122,"indent":0,"parameters":[194,194,0,3,5,0,1]},{"code":111,"indent":0,"parameters":[1,44,1,193,5]},{"code":115,"indent":1,"parameters":[]},{"code":0,"indent":1,"parameters":[]},{"code":412,"indent":0,"parameters":[]},{"code":111,"indent":0,"parameters":[1,45,1,194,5]},{"code":115,"indent":1,"parameters":[]},{"code":0,"indent":1,"parameters":[]},{"code":412,"indent":0,"parameters":[]},{"code":108,"indent":0,"parameters":["--- Traffic Collision Check End ---"]},{"code":117,"indent":0,"parameters":[166]},{"code":0,"indent":0,"parameters":[]}],"moveFrequency":2,"moveRoute":{"list":[{"code":0,"parameters":[]}],"repeat":true,"skippable":false,"wait":false},"moveSpeed":4,"moveType":0,"priorityType":1,"stepAnime":false,"through":false,"trigger":2,"walkAnime":true}],"x":3,"y":3},
{"id":19,"name":"Student19","note":"","pages":[{"conditions":{"actorId":1,"actorValid":false,"itemId":1,"itemValid":false,"selfSwitchCh":"A","selfSwitchValid":false,"switch1Id":1,"switch1Valid":false,"switch2Id":1,"switch2Valid":false,"variableId":1,"variableValid":false,"variableValue":0},"directionFix":false,"image":{"tileId":0,"characterName":"Student19","direction":2,"pattern":1,"characterIndex":0},"list":[{"code":122,"indent":0,"parameters":[197,197,0,4,"this._eventId"]},{"code":122,"indent":0,"parameters":[198,198,0,0,332]},{"code":121,"indent":0,"parameters":[132,132,0]},{"code":0,"indent":0,"parameters":[]}],"moveFrequency":3,"moveRoute":{"list":[{"code":0,"parameters":[]}],"repeat":true,"skippable":false,"wait":false},"moveSpeed":3,"moveType":0,"priorityType":1,"stepAnime":false,"through":false,"trigger":4,"walkAnime":true},{"conditions":{"actorId":1,"actorValid":false,"itemId":1,"itemValid":false,"selfSwitchCh":"A","selfSwitchValid":true,"switch1Id":1,"switch1Valid":false,"switch2Id":1,"switch2Valid":false,"variableId":1,"variableValid":false,"variableValue":0},"directionFix":false,"image":{"tileId":0,"characterName":"Student19","direction":2,"pattern":1,"characterIndex":0},"list":[{"code":101,"indent":0,"parameters":["",0,0,2]},{"code":401,"indent":0,"parameters":["crushed"]},{"code":0,"indent":0,"parameters":[]}],"moveFrequency":2,"moveRoute":{"list":[{"code":0,"parameters":[]}],"repeat":true,"skippable":false,"wait":false},"moveSpeed":3,"moveType":0,"priorityType":1,"stepAnime":false,"through":false,"trigger":2,"walkAnime":true}],"x":4,"y":3},
{"id":20,"name":"Student20","note":"","pages":[{"conditions":{"actorId":1,"actorValid":false,"itemId":1,"itemValid":false,"selfSwitchCh":"A","selfSwitchValid":false,"switch1Id":1,"switch1Valid":false,"switch2Id":1,"switch2Valid":false,"variableId":1,"variableValid":false,"variableValue":0},"directionFix":false,"image":{"tileId":0,"characterName":"Student20","direction":2,"pattern":1,"characterIndex":0},"list":[{"code":122,"indent":0,"parameters":[197,197,0,4,"this._eventId"]},{"code":122,"indent":0,"parameters":[198,198,0,0,363]},{"code":121,"indent":0,"parameters":[132,132,0]},{"code":0,"indent":0,"parameters":[]}],"moveFrequency":3,"moveRoute":{"list":[{"code":0,"parameters":[]}],"repeat":true,"skippable":false,"wait":false},"moveSpeed":3,"moveType":0,"priorityType":1,"stepAnime":false,"through":false,"trigger":4,"walkAnime":true},{"conditions":{"actorId":1,"actorValid":false,"itemId":1,"itemValid":false,"selfSwitchCh":"A","selfSwitchValid":true,"switch1Id":1,"switch1Valid":false,"switch2Id":1,"switch2Valid":false,"variableId":1,"variableValid":false,"variableValue":0},"directionFix":false,"image":{"tileId":0,"characterName":"Student20","direction":2,"pattern":1,"characterIndex":0},"list":[{"code":108,"indent":0,"parameters":["--- Traffic Collision Check ---"]},{"code":122,"indent":0,"parameters":[44,44,0,3,5,-1,0]},{"code":122,"indent":0,"parameters":[45,45,0,3,5,-1,1]},{"code":122,"indent":0,"parameters":[193,193,0,3,5,0,0]},{"code":122,"indent":0,"parameters":[194,194,0,3,5,0,1]},{"code":111,"indent":0,"parameters":[1,44,1,193,5]},{"code":115,"indent":1,"parameters":[]},{"code":0,"indent":1,"parameters":[]},{"code":412,"indent":0,"parameters":[]},{"code":111,"indent":0,"parameters":[1,45,1,194,5]},{"code":115,"indent":1,"parameters":[]},{"code":0,"indent":1,"parameters":[]},{"code":412,"indent":0,"parameters":[]},{"code":108,"indent":0,"parameters":["--- Traffic Collision Check End ---"]},{"code":117,"indent":0,"parameters":[168]},{"code":0,"indent":0,"parameters":[]}],"moveFrequency":2,"moveRoute":{"list":[{"code":0,"parameters":[]}],"repeat":true,"skippable":false,"wait":false},"moveSpeed":4,"moveType":0,"priorityType":1,"stepAnime":false,"through":false,"trigger":2,"walkAnime":true}],"x":5,"y":3},
{"id":21,"name":"Student21","note":"","pages":[{"conditions":{"actorId":1,"actorValid":false,"itemId":1,"itemValid":false,"selfSwitchCh":"A","selfSwitchValid":false,"switch1Id":1,"switch1Valid":false,"switch2Id":1,"switch2Valid":false,"variableId":1,"variableValid":false,"variableValue":0},"directionFix":false,"image":{"tileId":0,"characterName":"Student21","direction":2,"pattern":1,"characterIndex":0},"list":[{"code":122,"indent":0,"parameters":[197,197,0,4,"this._eventId"]},{"code":122,"indent":0,"parameters":[198,198,0,0,371]},{"code":121,"indent":0,"parameters":[132,132,0]},{"code":0,"indent":0,"parameters":[]}],"moveFrequency":3,"moveRoute":{"list":[{"code":0,"parameters":[]}],"repeat":true,"skippable":false,"wait":false},"moveSpeed":3,"moveType":0,"priorityType":1,"stepAnime":false,"through":false,"trigger":4,"walkAnime":true},{"conditions":{"actorId":1,"actorValid":false,"itemId":1,"itemValid":false,"selfSwitchCh":"A","selfSwitchValid":true,"switch1Id":1,"switch1Valid":false,"switch2Id":1,"switch2Valid":false,"variableId":1,"variableValid":false,"variableValue":0},"directionFix":false,"image":{"tileId":0,"characterName":"Student21","direction":2,"pattern":1,"characterIndex":0},"list":[{"code":108,"indent":0,"parameters":["--- Traffic Collision Check ---"]},{"code":122,"indent":0,"parameters":[44,44,0,3,5,-1,0]},{"code":122,"indent":0,"parameters":[45,45,0,3,5,-1,1]},{"code":122,"indent":0,"parameters":[193,193,0,3,5,0,0]},{"code":122,"indent":0,"parameters":[194,194,0,3,5,0,1]},{"code":111,"indent":0,"parameters":[1,44,1,193,5]},{"code":115,"indent":1,"parameters":[]},{"code":0,"indent":1,"parameters":[]},{"code":412,"indent":0,"parameters":[]},{"code":111,"indent":0,"parameters":[1,45,1,194,5]},{"code":115,"indent":1,"parameters":[]},{"code":0,"indent":1,"parameters":[]},{"code":412,"indent":0,"parameters":[]},{"code":108,"indent":0,"parameters":["--- Traffic Collision Check End ---"]},{"code":117,"indent":0,"parameters":[167]},{"code":0,"indent":0,"parameters":[]}],"moveFrequency":2,"moveRoute":{"list":[{"code":0,"parameters":[]}],"repeat":true,"skippable":false,"wait":false},"moveSpeed":3,"moveType":0,"priorityType":1,"stepAnime":false,"through":false,"trigger":2,"walkAnime":true}],"x":6,"y":3},
{"id":22,"name":"Student22","note":"","pages":[{"conditions":{"actorId":1,"actorValid":false,"itemId":1,"itemValid":false,"selfSwitchCh":"A","selfSwitchValid":false,"switch1Id":1,"switch1Valid":false,"switch2Id":1,"switch2Valid":false,"variableId":1,"variableValid":false,"variableValue":0},"directionFix":false,"image":{"tileId":0,"characterName":"Student22","direction":2,"pattern":1,"characterIndex":0},"list":[{"code":122,"indent":0,"parameters":[197,197,0,4,"this._eventId"]},{"code":122,"indent":0,"parameters":[198,198,0,0,390]},{"code":121,"indent":0,"parameters":[132,132,0]},{"code":0,"indent":0,"parameters":[]}],"moveFrequency":3,"moveRoute":{"list":[{"code":0,"parameters":[]}],"repeat":true,"skippable":false,"wait":false},"moveSpeed":3,"moveType":0,"priorityType":1,"stepAnime":false,"through":false,"trigger":4,"walkAnime":true},{"conditions":{"actorId":1,"actorValid":false,"itemId":1,"itemValid":false,"selfSwitchCh":"A","selfSwitchValid":true,"switch1Id":1,"switch1Valid":false,"switch2Id":1,"switch2Valid":false,"variableId":1,"variableValid":false,"variableValue":0},"directionFix":false,"image":{"tileId":0,"characterName":"Student22","direction":2,"pattern":1,"characterIndex":0},"list":[{"code":108,"indent":0,"parameters":["--- Traffic Collision Check ---"]},{"code":122,"indent":0,"parameters":[44,44,0,3,5,-1,0]},{"code":122,"indent":0,"parameters":[45,45,0,3,5,-1,1]},{"code":122,"indent":0,"parameters":[193,193,0,3,5,0,0]},{"code":122,"indent":0,"parameters":[194,194,0,3,5,0,1]},{"code":111,"indent":0,"parameters":[1,44,1,193,5]},{"code":115,"indent":1,"parameters":[]},{"code":0,"indent":1,"parameters":[]},{"code":412,"indent":0,"parameters":[]},{"code":111,"indent":0,"parameters":[1,45,1,194,5]},{"code":115,"indent":1,"parameters":[]},{"code":0,"indent":1,"parameters":[]},{"code":412,"indent":0,"parameters":[]},{"code":108,"indent":0,"parameters":["--- Traffic Collision Check End ---"]},{"code":117,"indent":0,"parameters":[168]},{"code":0,"indent":0,"parameters":[]}],"moveFrequency":2,"moveRoute":{"list":[{"code":0,"parameters":[]}],"repeat":true,"skippable":false,"wait":false},"moveSpeed":4,"moveType":0,"priorityType":1,"stepAnime":false,"through":false,"trigger":2,"walkAnime":true}],"x":7,"y":3},
{"id":23,"name":"Student23","note":"","pages":[{"conditions":{"actorId":1,"actorValid":false,"itemId":1,"itemValid":false,"selfSwitchCh":"A","selfSwitchValid":false,"switch1Id":1,"switch1Valid":false,"switch2Id":1,"switch2Valid":false,"variableId":1,"variableValid":false,"variableValue":0},"directionFix":false,"image":{"tileId":0,"characterName":"Student23","direction":2,"pattern":1,"characterIndex":0},"list":[{"code":122,"indent":0,"parameters":[197,197,0,4,"this._eventId"]},{"code":122,"indent":0,"parameters":[198,198,0,0,326]},{"code":121,"indent":0,"parameters":[132,132,0]},{"code":0,"indent":0,"parameters":[]}],"moveFrequency":3,"moveRoute":{"list":[{"code":0,"parameters":[]}],"repeat":true,"skippable":false,"wait":false},"moveSpeed":3,"moveType":0,"priorityType":1,"stepAnime":false,"through":false,"trigger":4,"walkAnime":true},{"conditions":{"actorId":1,"actorValid":false,"itemId":1,"itemValid":false,"selfSwitchCh":"A","selfSwitchValid":true,"switch1Id":1,"switch1Valid":false,"switch2Id":1,"switch2Valid":false,"variableId":1,"variableValid":false,"variableValue":0},"directionFix":false,"image":{"tileId":0,"characterName":"Student23","direction":2,"pattern":1,"characterIndex":0},"list":[{"code":108,"indent":0,"parameters":["--- Traffic Collision Check ---"]},{"code":122,"indent":0,"parameters":[44,44,0,3,5,-1,0]},{"code":122,"indent":0,"parameters":[45,45,0,3,5,-1,1]},{"code":122,"indent":0,"parameters":[193,193,0,3,5,0,0]},{"code":122,"indent":0,"parameters":[194,194,0,3,5,0,1]},{"code":111,"indent":0,"parameters":[1,44,1,193,5]},{"code":115,"indent":1,"parameters":[]},{"code":0,"indent":1,"parameters":[]},{"code":412,"indent":0,"parameters":[]},{"code":111,"indent":0,"parameters":[1,45,1,194,5]},{"code":115,"indent":1,"parameters":[]},{"code":0,"indent":1,"parameters":[]},{"code":412,"indent":0,"parameters":[]},{"code":108,"indent":0,"parameters":["--- Traffic Collision Check End ---"]},{"code":117,"indent":0,"parameters":[167]},{"code":0,"indent":0,"parameters":[]}],"moveFrequency":2,"moveRoute":{"list":[{"code":0,"parameters":[]}],"repeat":true,"skippable":false,"wait":false},"moveSpeed":3,"moveType":0,"priorityType":1,"stepAnime":false,"through":false,"trigger":2,"walkAnime":true}],"x":8,"y":3},
{"id":24,"name":"Student24","note":"","pages":[{"conditions":{"actorId":1,"actorValid":false,"itemId":1,"itemValid":false,"selfSwitchCh":"A","selfSwitchValid":false,"switch1Id":1,"switch1Valid":false,"switch2Id":1,"switch2Valid":false,"variableId":1,"variableValid":false,"variableValue":0},"directionFix":false,"image":{"tileId":0,"characterName":"Student24","direction":2,"pattern":1,"characterIndex":0},"list":[{"code":122,"indent":0,"parameters":[197,197,0,4,"this._eventId"]},{"code":122,"indent":0,"parameters":[198,198,0,0,332]},{"code":121,"indent":0,"parameters":[132,132,0]},{"code":0,"indent":0,"parameters":[]}],"moveFrequency":3,"moveRoute":{"list":[{"code":0,"parameters":[]}],"repeat":true,"skippable":false,"wait":false},"moveSpeed":3,"moveType":0,"priorityType":1,"stepAnime":false,"through":false,"trigger":4,"walkAnime":true},{"conditions":{"actorId":1,"actorValid":false,"itemId":1,"itemValid":false,"selfSwitchCh":"A","selfSwitchValid":true,"switch1Id":1,"switch1Valid":false,"switch2Id":1,"switch2Valid":false,"variableId":1,"variableValid":false,"variableValue":0},"directionFix":false,"image":{"tileId":0,"characterName":"Student24","direction":2,"pattern":1,"characterIndex":0},"list":[{"code":108,"indent":0,"parameters":["--- Traffic Collision Check ---"]},{"code":122,"indent":0,"parameters":[44,44,0,3,5,-1,0]},{"code":122,"indent":0,"parameters":[45,45,0,3,5,-1,1]},{"code":122,"indent":0,"parameters":[193,193,0,3,5,0,0]},{"code":122,"indent":0,"parameters":[194,194,0,3,5,0,1]},{"code":111,"indent":0,"parameters":[1,44,1,193,5]},{"code":115,"indent":1,"parameters":[]},{"code":0,"indent":1,"parameters":[]},{"code":412,"indent":0,"parameters":[]},{"code":111,"indent":0,"parameters":[1,45,1,194,5]},{"code":115,"indent":1,"parameters":[]},{"code":0,"indent":1,"parameters":[]},{"code":412,"indent":0,"parameters":[]},{"code":108,"indent":0,"parameters":["--- Traffic Collision Check End ---"]},{"code":117,"indent":0,"parameters":[166]},{"code":0,"indent":0,"parameters":[]}],"moveFrequency":2,"moveRoute":{"list":[{"code":0,"parameters":[]}],"repeat":true,"skippable":false,"wait":false},"moveSpeed":4,"moveType":0,"priorityType":1,"stepAnime":false,"through":false,"trigger":2,"walkAnime":true}],"x":9,"y":3},
{"id":25,"name":"Student25","note":"","pages":[{"conditions":{"actorId":1,"actorValid":false,"itemId":1,"itemValid":false,"selfSwitchCh":"A","selfSwitchValid":false,"switch1Id":1,"switch1Valid":false,"switch2Id":1,"switch2Valid":false,"variableId":1,"variableValid":false,"variableValue":0},"directionFix":false,"image":{"tileId":0,"characterName":"Student25","direction":2,"pattern":1,"characterIndex":0},"list":[{"code":122,"indent":0,"parameters":[197,197,0,4,"this._eventId"]},{"code":122,"indent":0,"parameters":[198,198,0,0,324]},{"code":121,"indent":0,"parameters":[132,132,0]},{"code":0,"indent":0,"parameters":[]}],"moveFrequency":3,"moveRoute":{"list":[{"code":0,"parameters":[]}],"repeat":true,"skippable":false,"wait":false},"moveSpeed":3,"moveType":0,"priorityType":1,"stepAnime":false,"through":false,"trigger":4,"walkAnime":true},{"conditions":{"actorId":1,"actorValid":false,"itemId":1,"itemValid":false,"selfSwitchCh":"A","selfSwitchValid":true,"switch1Id":1,"switch1Valid":false,"switch2Id":1,"switch2Valid":false,"variableId":1,"variableValid":false,"variableValue":0},"directionFix":false,"image":{"tileId":0,"characterName":"Student25","direction":2,"pattern":1,"characterIndex":0},"list":[{"code":108,"indent":0,"parameters":["--- Traffic Collision Check ---"]},{"code":122,"indent":0,"parameters":[44,44,0,3,5,-1,0]},{"code":122,"indent":0,"parameters":[45,45,0,3,5,-1,1]},{"code":122,"indent":0,"parameters":[193,193,0,3,5,0,0]},{"code":122,"indent":0,"parameters":[194,194,0,3,5,0,1]},{"code":111,"indent":0,"parameters":[1,44,1,193,5]},{"code":115,"indent":1,"parameters":[]},{"code":0,"indent":1,"parameters":[]},{"code":412,"indent":0,"parameters":[]},{"code":111,"indent":0,"parameters":[1,45,1,194,5]},{"code":115,"indent":1,"parameters":[]},{"code":0,"indent":1,"parameters":[]},{"code":412,"indent":0,"parameters":[]},{"code":108,"indent":0,"parameters":["--- Traffic Collision Check End ---"]},{"code":117,"indent":0,"parameters":[168]},{"code":0,"indent":0,"parameters":[]}],"moveFrequency":2,"moveRoute":{"list":[{"code":0,"parameters":[]}],"repeat":true,"skippable":false,"wait":false},"moveSpeed":3,"moveType":0,"priorityType":1,"stepAnime":false,"through":false,"trigger":2,"walkAnime":true}],"x":10,"y":3},
{"id":26,"name":"Student5 (Running)","note":"","pages":[{"conditions":{"actorId":1,"actorValid":false,"itemId":1,"itemValid":false,"selfSwitchCh":"A","selfSwitchValid":false,"switch1Id":1,"switch1Valid":false,"switch2Id":1,"switch2Valid":false,"variableId":1,"variableValid":false,"variableValue":0},"directionFix":false,"image":{"tileId":0,"characterName":"Student5","direction":2,"pattern":1,"characterIndex":0},"list":[{"code":122,"indent":0,"parameters":[197,197,0,4,"this._eventId"]},{"code":122,"indent":0,"parameters":[198,198,0,0,450]},{"code":121,"indent":0,"parameters":[132,132,0]},{"code":0,"indent":0,"parameters":[]}],"moveFrequency":3,"moveRoute":{"list":[{"code":0,"parameters":[]}],"repeat":true,"skippable":false,"wait":false},"moveSpeed":4,"moveType":0,"priorityType":1,"stepAnime":false,"through":false,"trigger":4,"walkAnime":true},{"conditions":{"actorId":1,"actorValid":false,"itemId":1,"itemValid":false,"selfSwitchCh":"A","selfSwitchValid":true,"switch1Id":1,"switch1Valid":false,"switch2Id":1,"switch2Valid":false,"variableId":1,"variableValid":false,"variableValue":0},"directionFix":false,"image":{"tileId":0,"characterName":"Student5","direction":2,"pattern":1,"characterIndex":0},"list":[{"code":108,"indent":0,"parameters":["--- Traffic Collision Check ---"]},{"code":122,"indent":0,"parameters":[44,44,0,3,5,-1,0]},{"code":122,"indent":0,"parameters":[45,45,0,3,5,-1,1]},{"code":122,"indent":0,"parameters":[193,193,0,3,5,0,0]},{"code":122,"indent":0,"parameters":[194,194,0,3,5,0,1]},{"code":111,"indent":0,"parameters":[1,44,1,193,5]},{"code":115,"indent":1,"parameters":[]},{"code":0,"indent":1,"parameters":[]},{"code":412,"indent":0,"parameters":[]},{"code":111,"indent":0,"parameters":[1,45,1,194,5]},{"code":115,"indent":1,"parameters":[]},{"code":0,"indent":1,"parameters":[]},{"code":412,"indent":0,"parameters":[]},{"code":108,"indent":0,"parameters":["--- Traffic Collision Check End ---"]},{"code":221,"indent":0,"parameters":[]},{"code":230,"indent":0,"parameters":[30]},{"code":355,"indent":0,"parameters":["$gameScreen.startFadeIn(240);"]},{"code":205,"indent":0,"parameters":[-1,{"list":[{"code":15,"parameters":[60],"indent":null},{"code":45,"parameters":["$gameScreen.showPicture(1, \"Hallway Crush\", 0, 0, 0, 100, 100, 255, 0)"],"indent":null},{"code":0}],"repeat":false,"skippable":false,"wait":false}]},{"code":505,"indent":0,"parameters":[{"code":15,"parameters":[60],"indent":null}]},{"code":505,"indent":0,"parameters":[{"code":45,"parameters":["$gameScreen.showPicture(1, \"Hallway Crush\", 0, 0, 0, 100, 100, 255, 0)"],"indent":null}]},{"code":261,"indent":0,"parameters":["Hallway Crush"]},{"code":234,"indent":0,"parameters":[1,[-51,-51,-51,0],120,true]},{"code":101,"indent":0,"parameters":["",0,1,2]},{"code":401,"indent":0,"parameters":["Carelessly wandering through the middle of the hallway...\\.\\. "]},{"code":401,"indent":0,"parameters":["You were unable to get out of harm's way in time.\\.\\. "]},{"code":401,"indent":0,"parameters":["Trampled into a unrecognizeable smear by a single stray footfall; "]},{"code":401,"indent":0,"parameters":["no one will ever conceive you were anything more than an insect."]},{"code":230,"indent":0,"parameters":[180]},{"code":353,"indent":0,"parameters":[]},{"code":0,"indent":0,"parameters":[]}],"moveFrequency":2,"moveRoute":{"list":[{"code":0,"parameters":[]}],"repeat":true,"skippable":false,"wait":false},"moveSpeed":4,"moveType":0,"priorityType":1,"stepAnime":false,"through":false,"trigger":2,"walkAnime":true}],"x":11,"y":3},
null,
null,
null,
null,
{"id":31,"name":"Teacher3","note":"","pages":[{"conditions":{"actorId":1,"actorValid":false,"itemId":1,"itemValid":false,"selfSwitchCh":"A","selfSwitchValid":false,"switch1Id":1,"switch1Valid":false,"switch2Id":1,"switch2Valid":false,"variableId":1,"variableValid":false,"variableValue":0},"directionFix":false,"image":{"tileId":0,"characterName":"Teacher3","direction":2,"pattern":1,"characterIndex":0},"list":[{"code":122,"indent":0,"parameters":[197,197,0,4,"this._eventId"]},{"code":122,"indent":0,"parameters":[198,198,0,0,324]},{"code":121,"indent":0,"parameters":[132,132,0]},{"code":0,"indent":0,"parameters":[]}],"moveFrequency":3,"moveRoute":{"list":[{"code":0,"parameters":[]}],"repeat":true,"skippable":false,"wait":false},"moveSpeed":3,"moveType":0,"priorityType":1,"stepAnime":false,"through":false,"trigger":4,"walkAnime":true},{"conditions":{"actorId":1,"actorValid":false,"itemId":1,"itemValid":false,"selfSwitchCh":"A","selfSwitchValid":true,"switch1Id":1,"switch1Valid":false,"switch2Id":1,"switch2Valid":false,"variableId":1,"variableValid":false,"variableValue":0},"directionFix":false,"image":{"tileId":0,"characterName":"Teacher3","direction":2,"pattern":1,"characterIndex":0},"list":[{"code":108,"indent":0,"parameters":["--- Traffic Collision Check ---"]},{"code":122,"indent":0,"parameters":[44,44,0,3,5,-1,0]},{"code":122,"indent":0,"parameters":[45,45,0,3,5,-1,1]},{"code":122,"indent":0,"parameters":[193,193,0,3,5,0,0]},{"code":122,"indent":0,"parameters":[194,194,0,3,5,0,1]},{"code":111,"indent":0,"parameters":[1,44,1,193,5]},{"code":115,"indent":1,"parameters":[]},{"code":0,"indent":1,"parameters":[]},{"code":412,"indent":0,"parameters":[]},{"code":111,"indent":0,"parameters":[1,45,1,194,5]},{"code":115,"indent":1,"parameters":[]},{"code":0,"indent":1,"parameters":[]},{"code":412,"indent":0,"parameters":[]},{"code":108,"indent":0,"parameters":["--- Traffic Collision Check End ---"]},{"code":121,"indent":0,"parameters":[126,126,0]},{"code":111,"indent":0,"parameters":[12,"$dataMap.note.includes(\"<Classroom>\");"]},{"code":355,"indent":1,"parameters":["Galv.CACHE.load('pictures','Teacher Shoe Classroom');"]},{"code":0,"indent":1,"parameters":[]},{"code":411,"indent":0,"parameters":[]},{"code":355,"indent":1,"parameters":["Galv.CACHE.load('pictures','Teacher Shoe Hallway');"]},{"code":0,"indent":1,"parameters":[]},{"code":412,"indent":0,"parameters":[]},{"code":122,"indent":0,"parameters":[57,57,0,2,1,2]},{"code":221,"indent":0,"parameters":[]},{"code":122,"indent":0,"parameters":[200,200,0,0,1]},{"code":111,"indent":0,"parameters":[12,"$dataMap.note.includes(\"<Classroom>\");"]},{"code":261,"indent":1,"parameters":["Traffic Teacher Classroom"]},{"code":231,"indent":1,"parameters":[1,"Teacher Shoe Classroom",0,0,0,0,100,100,255,0]},{"code":230,"indent":1,"parameters":[30]},{"code":355,"indent":1,"parameters":["$gameScreen.startFadeIn(60);"]},{"code":230,"indent":1,"parameters":[60]},{"code":101,"indent":1,"parameters":["Hiroshi3",7,1,2]},{"code":401,"indent":1,"parameters":["\\n<\\N[1]>Holy shit...\\.\\. That was too close..."]},{"code":111,"indent":1,"parameters":[1,57,0,1,0]},{"code":230,"indent":2,"parameters":[15]},{"code":242,"indent":2,"parameters":[4]},{"code":205,"indent":2,"parameters":[-1,{"list":[{"code":15,"parameters":[60],"indent":null},{"code":45,"parameters":["$gameScreen.showPicture(1, \"Teacher Shoe Classroom 2\", 0, 0, 0, 100, 100, 255, 0)"],"indent":null},{"code":0}],"repeat":false,"skippable":false,"wait":false}]},{"code":505,"indent":2,"parameters":[{"code":15,"parameters":[60],"indent":null}]},{"code":505,"indent":2,"parameters":[{"code":45,"parameters":["$gameScreen.showPicture(1, \"Teacher Shoe Classroom 2\", 0, 0, 0, 100, 100, 255, 0)"],"indent":null}]},{"code":261,"indent":2,"parameters":["Traffic Teacher Classroom Stomp"]},{"code":241,"indent":2,"parameters":[{"name":"Dungeon5","volume":20,"pitch":100,"pan":0}]},{"code":230,"indent":2,"parameters":[30]},{"code":101,"indent":2,"parameters":["",7,1,2]},{"code":401,"indent":2,"parameters":["\\n<Female Teacher>I thought I saw a bug on the floor..."]},{"code":101,"indent":2,"parameters":["",7,1,2]},{"code":401,"indent":2,"parameters":["\\n<Female Teacher>Reprehensible...\\.\\. To have bugs skittering "]},{"code":401,"indent":2,"parameters":["around the school..."]},{"code":101,"indent":2,"parameters":["Hiroshi5",6,1,2]},{"code":401,"indent":2,"parameters":["\\n<\\N[1]>Wait...\\.\\. Sensei!\\.\\. I'm not a-\\.\\.\\.\\^"]},{"code":205,"indent":2,"parameters":[-1,{"list":[{"code":15,"parameters":[60],"indent":null},{"code":45,"parameters":["$gameScreen.showPicture(1, \"Black\", 0, 0, 0, 100, 100, 255, 0)"],"indent":null},{"code":0}],"repeat":false,"skippable":false,"wait":false}]},{"code":505,"indent":2,"parameters":[{"code":15,"parameters":[60],"indent":null}]},{"code":505,"indent":2,"parameters":[{"code":45,"parameters":["$gameScreen.showPicture(1, \"Black\", 0, 0, 0, 100, 100, 255, 0)"],"indent":null}]},{"code":261,"indent":2,"parameters":["Traffic Teacher Classroom Stomp 2"]},{"code":221,"indent":2,"parameters":[]},{"code":231,"indent":2,"parameters":[1,"Traffic Teacher Classroom Stomp",0,0,0,0,100,100,255,0]},{"code":230,"indent":2,"parameters":[96]},{"code":355,"indent":2,"parameters":["$gameScreen.startFadeIn(120);"]},{"code":230,"indent":2,"parameters":[120]},{"code":101,"indent":2,"parameters":["",6,1,2]},{"code":401,"indent":2,"parameters":["Mistaken for a bug by one of the school's teachers on her way "]},{"code":401,"indent":2,"parameters":["to her next class, she decided to quickly eradicate you "]},{"code":401,"indent":2,"parameters":["beneath her heels rather than waste any time examining you closer."]},{"code":101,"indent":2,"parameters":["",6,1,2]},{"code":401,"indent":2,"parameters":["Obliterated beneath the "]},{"code":401,"indent":2,"parameters":["incredible force of her descending foot, you now existed as "]},{"code":401,"indent":2,"parameters":["nothing more than a minute stain on the bottom of her shoe.\\.\\. "]},{"code":401,"indent":2,"parameters":["One which would be gradually wiped away as the teacher merely went about her schedule."]},{"code":230,"indent":2,"parameters":[120]},{"code":353,"indent":2,"parameters":[]},{"code":0,"indent":2,"parameters":[]},{"code":411,"indent":1,"parameters":[]},{"code":230,"indent":2,"parameters":[15]},{"code":355,"indent":2,"parameters":["$gameScreen.startFadeOut(60);"]},{"code":261,"indent":2,"parameters":["Traffic Teacher Classroom Leave"]},{"code":235,"indent":2,"parameters":[1]},{"code":122,"indent":2,"parameters":[200,200,0,0,0]},{"code":222,"indent":2,"parameters":[]},{"code":0,"indent":2,"parameters":[]},{"code":412,"indent":1,"parameters":[]},{"code":0,"indent":1,"parameters":[]},{"code":411,"indent":0,"parameters":[]},{"code":261,"indent":1,"parameters":["Traffic Teacher Hallway"]},{"code":231,"indent":1,"parameters":[1,"Teacher Shoe Hallway",0,0,0,0,100,100,255,0]},{"code":230,"indent":1,"parameters":[30]},{"code":355,"indent":1,"parameters":["$gameScreen.startFadeIn(60);"]},{"code":230,"indent":1,"parameters":[60]},{"code":101,"indent":1,"parameters":["Hiroshi3",7,1,2]},{"code":401,"indent":1,"parameters":["\\n<\\N[1]>Holy shit...\\.\\. That was too close..."]},{"code":111,"indent":1,"parameters":[1,57,0,1,0]},{"code":230,"indent":2,"parameters":[15]},{"code":242,"indent":2,"parameters":[4]},{"code":205,"indent":2,"parameters":[-1,{"list":[{"code":15,"parameters":[60],"indent":null},{"code":45,"parameters":["$gameScreen.showPicture(1, \"Teacher Shoe Hallway 2\", 0, 0, 0, 100, 100, 255, 0)"],"indent":null},{"code":0}],"repeat":false,"skippable":false,"wait":false}]},{"code":505,"indent":2,"parameters":[{"code":15,"parameters":[60],"indent":null}]},{"code":505,"indent":2,"parameters":[{"code":45,"parameters":["$gameScreen.showPicture(1, \"Teacher Shoe Hallway 2\", 0, 0, 0, 100, 100, 255, 0)"],"indent":null}]},{"code":261,"indent":2,"parameters":["Traffic Teacher Hallway Stomp"]},{"code":241,"indent":2,"parameters":[{"name":"Dungeon5","volume":20,"pitch":100,"pan":0}]},{"code":230,"indent":2,"parameters":[30]},{"code":101,"indent":2,"parameters":["",7,1,2]},{"code":401,"indent":2,"parameters":["\\n<Female Teacher>I thought I saw a bug on the floor..."]},{"code":101,"indent":2,"parameters":["",7,1,2]},{"code":401,"indent":2,"parameters":["\\n<Female Teacher>Reprehensible...\\.\\. To have bugs skittering "]},{"code":401,"indent":2,"parameters":["around the school..."]},{"code":101,"indent":2,"parameters":["Hiroshi5",6,1,2]},{"code":401,"indent":2,"parameters":["\\n<\\N[1]>Wait...\\.\\. Sensei!\\.\\. I'm not a-\\.\\.\\.\\^"]},{"code":205,"indent":2,"parameters":[-1,{"list":[{"code":15,"parameters":[60],"indent":null},{"code":45,"parameters":["$gameScreen.showPicture(1, \"Black\", 0, 0, 0, 100, 100, 255, 0)"],"indent":null},{"code":0}],"repeat":false,"skippable":false,"wait":false}]},{"code":505,"indent":2,"parameters":[{"code":15,"parameters":[60],"indent":null}]},{"code":505,"indent":2,"parameters":[{"code":45,"parameters":["$gameScreen.showPicture(1, \"Black\", 0, 0, 0, 100, 100, 255, 0)"],"indent":null}]},{"code":261,"indent":2,"parameters":["Traffic Teacher Hallway Stomp 2"]},{"code":221,"indent":2,"parameters":[]},{"code":231,"indent":2,"parameters":[1,"Traffic Teacher Hallway Stomp",0,0,0,0,100,100,255,0]},{"code":230,"indent":2,"parameters":[96]},{"code":355,"indent":2,"parameters":["$gameScreen.startFadeIn(120);"]},{"code":230,"indent":2,"parameters":[120]},{"code":101,"indent":2,"parameters":["",6,1,2]},{"code":401,"indent":2,"parameters":["Mistaken for a bug by one of the school's teachers on her way "]},{"code":401,"indent":2,"parameters":["to her next class, she decided to quickly eradicate you "]},{"code":401,"indent":2,"parameters":["beneath her heels rather than waste any time examining you closer."]},{"code":101,"indent":2,"parameters":["",6,1,2]},{"code":401,"indent":2,"parameters":["Obliterated beneath the "]},{"code":401,"indent":2,"parameters":["incredible force of her descending foot, you now existed as "]},{"code":401,"indent":2,"parameters":["nothing more than a minute stain on the bottom of her shoe.\\.\\. "]},{"code":401,"indent":2,"parameters":["One which would be gradually wiped away as the teacher merely went about her schedule."]},{"code":230,"indent":2,"parameters":[120]},{"code":353,"indent":2,"parameters":[]},{"code":0,"indent":2,"parameters":[]},{"code":411,"indent":1,"parameters":[]},{"code":230,"indent":2,"parameters":[15]},{"code":355,"indent":2,"parameters":["$gameScreen.startFadeOut(60);"]},{"code":261,"indent":2,"parameters":["Traffic Teacher Hallway Leave"]},{"code":235,"indent":2,"parameters":[1]},{"code":122,"indent":2,"parameters":[200,200,0,0,0]},{"code":222,"indent":2,"parameters":[]},{"code":0,"indent":2,"parameters":[]},{"code":412,"indent":1,"parameters":[]},{"code":0,"indent":1,"parameters":[]},{"code":412,"indent":0,"parameters":[]},{"code":121,"indent":0,"parameters":[126,126,1]},{"code":0,"indent":0,"parameters":[]}],"moveFrequency":2,"moveRoute":{"list":[{"code":0,"parameters":[]}],"repeat":true,"skippable":false,"wait":false},"moveSpeed":3,"moveType":0,"priorityType":1,"stepAnime":false,"through":false,"trigger":2,"walkAnime":true}],"x":1,"y":5},
{"id":32,"name":"Akira","note":"","pages":[{"conditions":{"actorId":1,"actorValid":false,"itemId":1,"itemValid":false,"selfSwitchCh":"A","selfSwitchValid":false,"switch1Id":1,"switch1Valid":false,"switch2Id":1,"switch2Valid":false,"variableId":1,"variableValid":false,"variableValue":0},"directionFix":false,"image":{"tileId":0,"characterName":"Akira","direction":2,"pattern":1,"characterIndex":0},"list":[{"code":108,"indent":0,"parameters":["Stuff to do on spawn."]},{"code":408,"indent":0,"parameters":["When spawn sequence if finished, the selfSwitch 'A',"]},{"code":408,"indent":0,"parameters":["will be set to true."]},{"code":408,"indent":0,"parameters":["Chase settings preserved across event pages. Call this.clearChaseSettings to reset."]},{"code":355,"indent":0,"parameters":["let event = $gameMap.event(this._eventId);"]},{"code":655,"indent":0,"parameters":["event._chaseRange = 4;"]},{"code":655,"indent":0,"parameters":["event._chaseSpeed = 4.5;"]},{"code":655,"indent":0,"parameters":["event._lookAtPlayer = true;"]},{"code":655,"indent":0,"parameters":["event._returnAfter = false;"]},{"code":122,"indent":0,"parameters":[197,197,0,4,"this._eventId"]},{"code":122,"indent":0,"parameters":[198,198,0,0,380]},{"code":121,"indent":0,"parameters":[132,132,0]},{"code":0,"indent":0,"parameters":[]}],"moveFrequency":3,"moveRoute":{"list":[{"code":0,"parameters":[]}],"repeat":true,"skippable":false,"wait":false},"moveSpeed":3,"moveType":0,"priorityType":1,"stepAnime":false,"through":false,"trigger":4,"walkAnime":true},{"conditions":{"actorId":1,"actorValid":false,"itemId":1,"itemValid":false,"selfSwitchCh":"A","selfSwitchValid":true,"switch1Id":1,"switch1Valid":false,"switch2Id":1,"switch2Valid":false,"variableId":1,"variableValid":false,"variableValue":0},"directionFix":false,"image":{"tileId":0,"characterName":"Akira","direction":2,"pattern":1,"characterIndex":0},"list":[{"code":101,"indent":0,"parameters":["",0,0,2]},{"code":401,"indent":0,"parameters":["gottem"]},{"code":0,"indent":0,"parameters":[]}],"moveFrequency":2,"moveRoute":{"list":[{"code":0,"parameters":[]}],"repeat":true,"skippable":false,"wait":false},"moveSpeed":3,"moveType":0,"priorityType":1,"stepAnime":false,"through":false,"trigger":2,"walkAnime":true}],"x":2,"y":5}
]
}