[{"type":"Text","Value":"Score: ${$gameVariables.value(100)}","Condition":"$gameSwitches.value(88)","Layer":"0","Font":"GameFont","Max Width":"200","Align":"left","Font Size":"30","Text Color":"#ffffff","Text Alpha":"255","Outline Color":"#000000","Outline Alpha":"127","animateInfo":{"x":{"spd":0,"loop":false,"min":0,"max":0},"y":{"spd":0,"loop":false,"min":0,"max":0},"s":{"spd":0,"loop":false,"min":1,"max":1},"r":{"spd":0,"loop":false,"min":0,"max":0}},"id":1,"x":107,"y":24},{"type":"Image Gauge","Cur. Value":"$gameParty.leader().hp","Max Value":"$gameParty.leader().mhp","Condition":"$gameSwitches.value(88)","Layer":"0","Scale X":"1","Scale Y":"1","Style":"left","Main Image":"CurvedRed","Back Image":"CurvedBack","animateInfo":{"x":{"spd":0,"loop":false,"min":0,"max":0},"y":{"spd":0,"loop":false,"min":0,"max":0},"s":{"spd":0,"loop":false,"min":1,"max":1},"r":{"spd":0,"loop":false,"min":0,"max":0}},"id":3,"x":640,"y":25},{"type":"Text","Value":"HP","Condition":"$gameSwitches.value(88)","Layer":"0","Font":"GameFont","Max Width":"150","Align":"left","Font Size":"30","Text Color":"#ffffff","Text Alpha":"255","Outline Color":"#000000","Outline Alpha":"127","animateInfo":{"x":{"spd":0,"loop":false,"min":0,"max":0},"y":{"spd":0,"loop":false,"min":0,"max":0},"s":{"spd":0,"loop":false,"min":1,"max":1},"r":{"spd":0,"loop":false,"min":0,"max":0}},"id":4,"x":590,"y":24},{"type":"Image Gauge","Cur. Value":"$gameVariables.value(210)","Max Value":"1200","Condition":"$gameSwitches.value(149)","Layer":"0","Scale X":"1","Scale Y":"1","Style":"left","Main Image":"CurvedBlue","Back Image":"CurvedBack","animateInfo":{"x":{"spd":0,"loop":false,"min":0,"max":0},"y":{"spd":0,"loop":false,"min":0,"max":0},"s":{"spd":0,"loop":false,"min":1,"max":1},"r":{"spd":0,"loop":false,"min":0,"max":0}},"id":5,"x":640,"y":25},{"type":"Text","Value":"Breath","Condition":"$gameSwitches.value(149)","Layer":"1","Font":"GameFont","Max Width":"150","Align":"center","Font Size":"15","Text Color":"#ffffff","Text Alpha":"255","Outline Color":"#000000","Outline Alpha":"127","animateInfo":{"x":{"spd":0,"loop":false,"min":0,"max":0},"y":{"spd":0,"loop":false,"min":0,"max":0},"s":{"spd":0,"loop":false,"min":1,"max":1},"r":{"spd":0,"loop":false,"min":0,"max":0}},"id":6,"x":640,"y":24}]