[
null,
{"id":1,"autoRemovalTiming":0,"chanceByDamage":100,"iconIndex":1,"maxTurns":1,"message1":" has fallen!","message2":" is slain!","message3":"","message4":" revives!","minTurns":1,"motion":3,"name":"Knockout","note":"State #1 will be automatically added when\nHP reaches 0.","overlay":0,"priority":100,"releaseByDamage":false,"removeAtBattleEnd":false,"removeByDamage":false,"removeByRestriction":false,"removeByWalking":false,"restriction":4,"stepsToRemove":100,"traits":[{"code":23,"dataId":9,"value":0}]},
{"id":2,"autoRemovalTiming":2,"chanceByDamage":100,"description":"","iconIndex":0,"maxTurns":1,"message1":"","message2":"","message3":"","message4":"","minTurns":1,"motion":0,"name":"Guard","note":"","overlay":0,"priority":0,"removeAtBattleEnd":true,"removeByDamage":false,"removeByRestriction":true,"removeByWalking":false,"restriction":0,"stepsToRemove":100,"traits":[{"code":62,"dataId":1,"value":0}]},
{"id":3,"autoRemovalTiming":0,"chanceByDamage":100,"description":"","iconIndex":0,"maxTurns":1,"message1":"","message2":"","message3":"","message4":"","minTurns":1,"motion":0,"name":"Immortal","note":"","overlay":0,"priority":0,"removeAtBattleEnd":true,"removeByDamage":false,"removeByRestriction":false,"removeByWalking":false,"restriction":0,"stepsToRemove":100,"traits":[{"code":14,"dataId":1,"value":0}]},
{"id":4,"autoRemovalTiming":0,"chanceByDamage":100,"iconIndex":2,"maxTurns":1,"message1":" is poisoned!","message2":" is poisoned!","message3":"","message4":" is no longer poisoned!","minTurns":1,"motion":1,"overlay":1,"name":"Poison","note":"","priority":50,"releaseByDamage":false,"removeAtBattleEnd":false,"removeByDamage":false,"removeByRestriction":false,"removeByWalking":false,"restriction":0,"stepsToRemove":100,"traits":[{"code":22,"dataId":7,"value":-0.1}]},
{"id":5,"autoRemovalTiming":1,"chanceByDamage":100,"iconIndex":3,"maxTurns":5,"message1":" is blinded!","message2":" is blinded!","message3":"","message4":" is no longer blinded!","minTurns":3,"motion":1,"name":"Blind","note":"","overlay":2,"priority":60,"releaseByDamage":false,"removeAtBattleEnd":true,"removeByDamage":false,"removeByRestriction":false,"removeByWalking":false,"restriction":0,"stepsToRemove":100,"traits":[{"code":22,"dataId":0,"value":-0.5}]},
{"id":6,"autoRemovalTiming":1,"chanceByDamage":100,"iconIndex":4,"maxTurns":5,"message1":" is silenced!","message2":" is silenced!","message3":"","message4":" is no longer silenced!","minTurns":3,"motion":1,"name":"Silence","note":"","overlay":3,"priority":65,"releaseByDamage":false,"removeAtBattleEnd":true,"removeByDamage":false,"removeByRestriction":false,"removeByWalking":false,"restriction":0,"stepsToRemove":100,"traits":[{"code":42,"dataId":1,"value":0}]},
{"id":7,"autoRemovalTiming":1,"chanceByDamage":50,"iconIndex":5,"maxTurns":4,"message1":" is enraged!","message2":" is enraged!","message3":"","message4":" is no longer enraged!","minTurns":2,"motion":1,"name":"Rage","note":"","overlay":4,"priority":70,"releaseByDamage":false,"removeAtBattleEnd":true,"removeByDamage":true,"removeByRestriction":false,"removeByWalking":false,"restriction":1,"stepsToRemove":100,"traits":[]},
{"id":8,"autoRemovalTiming":1,"chanceByDamage":50,"iconIndex":6,"maxTurns":4,"message1":" is confused!","message2":" is confused!","message3":"","message4":" is no longer confused!","minTurns":2,"motion":1,"name":"Confusion","note":"","overlay":5,"priority":75,"releaseByDamage":false,"removeAtBattleEnd":true,"removeByDamage":true,"removeByRestriction":false,"removeByWalking":false,"restriction":2,"stepsToRemove":100,"traits":[]},
{"id":9,"autoRemovalTiming":1,"chanceByDamage":50,"iconIndex":7,"maxTurns":4,"message1":" is fascinated!","message2":" is fascinated!","message3":"","message4":" is no longer fascinated!","minTurns":2,"motion":1,"name":"Fascination","note":"","overlay":6,"priority":80,"releaseByDamage":false,"removeAtBattleEnd":true,"removeByDamage":true,"removeByRestriction":false,"removeByWalking":false,"restriction":3,"stepsToRemove":100,"traits":[]},
{"id":10,"autoRemovalTiming":1,"chanceByDamage":100,"iconIndex":8,"maxTurns":5,"message1":" falls asleep!","message2":" falls asleep!","message3":" is sleeping.","message4":" wakes up!","minTurns":3,"motion":2,"name":"Sleep","note":"","overlay":7,"priority":90,"releaseByDamage":true,"removeAtBattleEnd":true,"removeByDamage":true,"removeByRestriction":false,"removeByWalking":false,"restriction":4,"stepsToRemove":100,"traits":[{"code":22,"dataId":1,"value":-1}]},
{"id":11,"autoRemovalTiming":0,"chanceByDamage":100,"traits":[],"iconIndex":0,"maxTurns":1,"message1":"","message2":"","message3":"","message4":"","minTurns":1,"motion":0,"name":"-----------------","note":"","overlay":0,"priority":50,"removeAtBattleEnd":false,"removeByDamage":false,"removeByRestriction":false,"removeByWalking":false,"restriction":0,"stepsToRemove":100},
{"id":12,"autoRemovalTiming":2,"chanceByDamage":100,"description":"","iconIndex":0,"maxTurns":3,"message1":"","message2":"","message3":"","message4":"","minTurns":3,"motion":0,"name":"Maria Toe Grabbing","note":"<Force Enemy Pose: Maria Toe Grab>\n<Custom Leave Effect>\n$gameSwitches.setValue(72, true);\n</Custom Leave Effect>","overlay":0,"priority":0,"removeAtBattleEnd":true,"removeByDamage":false,"removeByRestriction":true,"removeByWalking":false,"restriction":0,"stepsToRemove":100,"traits":[]},
{"id":13,"autoRemovalTiming":2,"chanceByDamage":100,"description":"","iconIndex":22,"maxTurns":5,"message1":"","message2":"","message3":"","message4":"","minTurns":5,"motion":2,"name":"Constricted","note":"","overlay":0,"priority":90,"removeAtBattleEnd":true,"removeByDamage":false,"removeByRestriction":false,"removeByWalking":false,"restriction":4,"stepsToRemove":100,"traits":[{"code":22,"dataId":7,"value":0}]},
{"id":14,"autoRemovalTiming":2,"chanceByDamage":100,"iconIndex":2,"maxTurns":3,"message1":" is covered with a thick stench!","message2":" is covered with a thick stench!","message3":"","message4":" no longer stinks!","minTurns":3,"motion":1,"overlay":1,"name":"Stench","note":"","priority":50,"releaseByDamage":false,"removeAtBattleEnd":true,"removeByDamage":false,"removeByRestriction":false,"removeByWalking":false,"restriction":0,"stepsToRemove":100,"traits":[{"code":22,"dataId":7,"value":-0.03}]},
{"id":15,"autoRemovalTiming":2,"chanceByDamage":100,"description":"","iconIndex":0,"maxTurns":3,"message1":"","message2":"","message3":"","message4":"","minTurns":3,"motion":0,"name":"Saliva Swishing","note":"<Custom Enemy Pose>\nswitch saliva var\ncase 0,1,2,3,4\n</Custom Enemy Pose>","overlay":0,"priority":0,"removeAtBattleEnd":true,"removeByDamage":false,"removeByRestriction":true,"removeByWalking":false,"restriction":0,"stepsToRemove":100,"traits":[]},
{"id":16,"autoRemovalTiming":0,"chanceByDamage":100,"traits":[],"iconIndex":0,"maxTurns":1,"message1":"","message2":"","message3":"","message4":"","minTurns":1,"motion":0,"name":"Mouth Imprisonment","note":"<Custom Apply Effect>\nuser.battler().opacity = 0;\n</Custom Apply Effect>","overlay":0,"priority":0,"removeAtBattleEnd":true,"removeByDamage":false,"removeByRestriction":false,"removeByWalking":false,"restriction":0,"stepsToRemove":100},
{"id":17,"autoRemovalTiming":0,"chanceByDamage":100,"traits":[],"iconIndex":7,"maxTurns":1,"message1":"","message2":"","message3":"","message4":"","minTurns":1,"motion":0,"name":"Horny","note":"<Custom Apply Effect>\n// Make sure the stack count exists.\ntarget._stackingHorny = target._stackingHorny || 0;\n// Increase the stack count.\ntarget._stackingHorny += 30;\ntarget._stackingHorny = Math.min(55, target._stackingHorny);\ntarget.setStateCounter(17, target._stackingHorny);\n</Custom Apply Effect>\n\n<Custom Remove Effect>\n// Reset the stack count.\ntarget._stackingHorny = 0;\ntarget.removeStateCounter(17)\n</Custom Remove Effect>\n\n<Custom Regenerate Effect>\n// Make sure the stack count exists.\ntarget._stackingHorny = target._stackingHorny || 0;\ntarget._stackingHorny -= 5;\nif (target._stackingHorny <= 0) {\ntarget._stackingHorny = 0;\ntarget.removeState(17);\n} else {\ntarget.setStateCounter(17, target._stackingHorny);\n}\n</Custom Regenerate Effect>","overlay":0,"priority":50,"removeAtBattleEnd":true,"removeByDamage":false,"removeByRestriction":false,"removeByWalking":false,"restriction":0,"stepsToRemove":100},
{"id":18,"autoRemovalTiming":2,"chanceByDamage":100,"iconIndex":8,"maxTurns":1,"message1":"","message2":"","message3":"","message4":"","minTurns":1,"motion":0,"name":"1 Turn Paralysis","note":"","overlay":0,"priority":90,"releaseByDamage":true,"removeAtBattleEnd":true,"removeByDamage":false,"removeByRestriction":false,"removeByWalking":false,"restriction":4,"stepsToRemove":100,"traits":[]},
{"id":19,"autoRemovalTiming":1,"chanceByDamage":100,"iconIndex":0,"maxTurns":1,"message1":"","message2":"","message3":"","message4":"","minTurns":1,"motion":0,"name":"Disable Action","note":"","overlay":0,"priority":90,"releaseByDamage":true,"removeAtBattleEnd":true,"removeByDamage":false,"removeByRestriction":false,"removeByWalking":false,"restriction":4,"stepsToRemove":100,"traits":[]},
{"id":20,"autoRemovalTiming":0,"chanceByDamage":100,"description":"","iconIndex":0,"maxTurns":3,"message1":"","message2":"","message3":"","message4":"","minTurns":3,"motion":0,"name":"Transparent","note":"<Force Enemy Pose: Transparent>","overlay":0,"priority":0,"removeAtBattleEnd":true,"removeByDamage":false,"removeByRestriction":false,"removeByWalking":false,"restriction":0,"stepsToRemove":100,"traits":[]},
{"id":21,"autoRemovalTiming":2,"chanceByDamage":100,"description":"","iconIndex":0,"maxTurns":3,"message1":"","message2":"","message3":"","message4":"","minTurns":3,"motion":0,"name":"Natsuki Flick 2","note":"<Force Enemy Pose: NP4>","overlay":0,"priority":0,"removeAtBattleEnd":true,"removeByDamage":false,"removeByRestriction":true,"removeByWalking":false,"restriction":0,"stepsToRemove":100,"traits":[]},
{"id":22,"autoRemovalTiming":2,"chanceByDamage":100,"description":"","iconIndex":0,"maxTurns":3,"message1":"","message2":"","message3":"","message4":"","minTurns":3,"motion":0,"name":"Natsuki Scrunch","note":"<Force Enemy Pose: NP2>","overlay":0,"priority":0,"removeAtBattleEnd":true,"removeByDamage":false,"removeByRestriction":true,"removeByWalking":false,"restriction":0,"stepsToRemove":100,"traits":[]},
{"id":23,"autoRemovalTiming":2,"chanceByDamage":100,"description":"","iconIndex":0,"maxTurns":3,"message1":"","message2":"","message3":"","message4":"","minTurns":3,"motion":0,"name":"Natsuki Poke","note":"<Force Enemy Pose: Transparent>","overlay":0,"priority":0,"removeAtBattleEnd":true,"removeByDamage":false,"removeByRestriction":true,"removeByWalking":false,"restriction":0,"stepsToRemove":100,"traits":[]},
{"id":24,"autoRemovalTiming":0,"chanceByDamage":100,"iconIndex":18,"maxTurns":3,"message1":" is covered with acid!","message2":" is covered with acid!","message3":"","message4":" no longer is covered in acid!","minTurns":3,"motion":0,"overlay":1,"name":"Digestive Juices","note":"<Custom Apply Effect>\n// Make sure the stack count exists.\ntarget._stackingAcid = target._stackingAcid || 0;\n// Increase the stack count.\ntarget._stackingAcid += 1;\ntarget.setStateCounter(24, target._stackingAcid);\n</Custom Apply Effect>\n\n<Custom Remove Effect>\n// Reset the stack count.\ntarget._stackingAcid = 0;\ntarget.removeStateCounter(24)\n</Custom Remove Effect>\n\n<Custom Regenerate Effect>\n// Make sure the stack count exists.\ntarget._stackingAcid = target._stackingAcid || 1;\n\n// The damage formula used per tick.\nvar damage = target._stackingAcid * 1;\n\n// Target takes HP damage.\ntarget.gainHp(-damage);\n\n// Play the popup.\ntarget.startDamagePopup();\n\n// Clear the results.\ntarget.clearResult();\n\n// If the target is dead, make it collapse.\nif (target.isDead()) {\n  target.performCollapse();\n}\n// Remove debuff if stack is 0 or less\nif (target._stackingAcid <= 0) {\ntarget._stackingAcid = 0;\ntarget.removeState(24);\n} else {\ntarget.setStateCounter(24, target._stackingAcid);\n}\n</Custom Regenerate Effect>","priority":50,"releaseByDamage":false,"removeAtBattleEnd":true,"removeByDamage":false,"removeByRestriction":false,"removeByWalking":false,"restriction":0,"stepsToRemove":100,"traits":[]},
{"id":25,"autoRemovalTiming":0,"chanceByDamage":100,"traits":[],"iconIndex":0,"maxTurns":1,"message1":"","message2":"","message3":"","message4":"","minTurns":1,"motion":0,"name":"Hitomi Air Toes","note":"<Force Enemy Pose: Hitomi Foot 2>","overlay":0,"priority":50,"removeAtBattleEnd":true,"removeByDamage":false,"removeByRestriction":false,"removeByWalking":false,"restriction":0,"stepsToRemove":100},
{"id":26,"autoRemovalTiming":0,"chanceByDamage":100,"traits":[],"iconIndex":0,"maxTurns":1,"message1":"","message2":"","message3":"","message4":"","minTurns":1,"motion":0,"name":"Hitomi Toe Scrunch 1","note":"<Force Enemy Pose: Hitomi Foot 3>","overlay":0,"priority":50,"removeAtBattleEnd":true,"removeByDamage":false,"removeByRestriction":false,"removeByWalking":false,"restriction":0,"stepsToRemove":100},
{"id":27,"autoRemovalTiming":0,"chanceByDamage":100,"traits":[],"iconIndex":0,"maxTurns":1,"message1":"","message2":"","message3":"","message4":"","minTurns":1,"motion":0,"name":"Hitomi Toe Scrunch 2","note":"<Force Enemy Pose: Hitomi Foot 4>","overlay":0,"priority":50,"removeAtBattleEnd":true,"removeByDamage":false,"removeByRestriction":false,"removeByWalking":false,"restriction":0,"stepsToRemove":100},
{"id":28,"autoRemovalTiming":0,"chanceByDamage":100,"traits":[{"code":22,"dataId":9,"value":0.05}],"iconIndex":91,"maxTurns":1,"message1":"","message2":"","message3":"","message4":"","minTurns":1,"motion":0,"name":"Determination","note":"","overlay":0,"priority":50,"removeAtBattleEnd":true,"removeByDamage":false,"removeByRestriction":false,"removeByWalking":false,"restriction":0,"stepsToRemove":100},
{"id":29,"autoRemovalTiming":0,"chanceByDamage":100,"traits":[],"iconIndex":0,"maxTurns":1,"message1":"","message2":"","message3":"","message4":"","minTurns":1,"motion":0,"name":"","note":"","overlay":0,"priority":50,"removeAtBattleEnd":false,"removeByDamage":false,"removeByRestriction":false,"removeByWalking":false,"restriction":0,"stepsToRemove":100},
{"id":30,"autoRemovalTiming":0,"chanceByDamage":100,"traits":[],"iconIndex":0,"maxTurns":1,"message1":"","message2":"","message3":"","message4":"","minTurns":1,"motion":0,"name":"","note":"","overlay":0,"priority":50,"removeAtBattleEnd":false,"removeByDamage":false,"removeByRestriction":false,"removeByWalking":false,"restriction":0,"stepsToRemove":100}
]